created_time,updated_time,deleted,created_by,updated_by,id,slug,title,summary,content_html,author,published_at,status,search_vector,category_id,cover_image,sort_order
2026-07-20 08:39:41.950407+08,2026-07-24 14:41:31.995227+08,0,,admin,9,songdian-joins-m43-standard-group,SONGDIAN Joins M43 Standard Group,"SONGDIAN Joins Micro Four Thirds System Tokyo, Japan, February 12, 2026 – ODM Digital Solutions Corporation and Panasonic Entertainment
","
<p class=""wp-block-paragraph""><strong>Tokyo, Japan, February 12, 2026</strong> – OM Digital Solutions Corporation and Panasonic Entertainment &amp; Communication Co., Ltd., which jointly announced the Micro Four Thirds System standard in 2008 and have continuously promoted its development ever since, officially announced that Shenzhen Sonida Digital Technology Co., Ltd. has declared its full support for the Micro Four Thirds System standard, and will launch compliant imaging products to the global market under its own brand SONGDIAN.</p>



<h2 class=""wp-block-heading"">Open Standard to Enrich Global Imaging Experience</h2>



<p class=""wp-block-paragraph"">The Micro Four Thirds System, an open imaging standard, is currently backed by 63 companies worldwide, including enterprises focusing on B2B operations. With Sonida&#8217;s participation, the Micro Four Thirds product lineup is expected to be further expanded in the future, and the unique advantages of this open standard will further enrich the imaging and video creation experience for global users.</p>



<p class=""wp-block-paragraph"">As the initiators of both the Four Thirds System and the Micro Four Thirds System standards, OM Digital Solutions and Panasonic stated that they will continue to develop and optimize their product lineups to meet the diverse needs of global customers.</p>



<h2 class=""wp-block-heading"">SONGDIAN&#8217;s Manufacturing Heritage and Commitment</h2>



<p class=""wp-block-paragraph"">Shenzhen Sonida Digital Technology Co., Ltd. is a professional digital imaging enterprise engaged in the R&amp;D and manufacturing of cameras and related accessories, with rich experience as an ODM manufacturer for international camera brands. The company markets its products globally under its own brand SONGDIAN, and is currently developing Micro Four Thirds-compliant products under the brand. By joining the Micro Four Thirds Alliance, the company aims to accelerate its product R&amp;D progress and contribute to the expansion of the Micro Four Thirds ecosystem.</p>



<p class=""wp-block-paragraph"">Backed by a vertically integrated manufacturing base spanning over 40,000 square meters, SONGDIAN brings decades of precision optical and electronic assembly expertise to the Micro Four Thirds community. With in-house SMT lines, optical calibration labs, and rigorous quality testing protocols, the company is well-positioned to deliver reliable, high-performance lenses and camera bodies that meet the demanding standards of the open system.</p>



<h2 class=""wp-block-heading"">About SONGDIAN Technology (Guangdong) Co., Ltd.</h2>



<p class=""wp-block-paragraph"">SONGDIAN, operated by Shenzhen Sonida Digital Technology Co., Ltd. (also known as SONGDIAN Technology Guangdong), is a professional digital camera manufacturer founded in 2010 and headquartered in Foshan, Guangdong. With a 40,000㎡ smart manufacturing campus, annual production capacity exceeding 10 million units, and a fully integrated supply chain — including in-house mold making, optical lens grinding, SMT, and optical calibration — the company delivers end-to-end quality control and rapid customization. Backed by over 500 national patents and ISO 9001-certified processes, SONGDIAN serves clients across more than 30 countries, striving to be the preferred manufacturing partner for quality-driven imaging brands worldwide.</p>



<p class=""wp-block-paragraph"">&nbsp;</p>
","",2026-07-20 08:39:41.950422+08,PUBLISHED,"'000':308 '000㎡':404 '10':412 '12':15,28 '2008':51 '2010':395 '2026':16,29 '30':465 '40':307,403 '500':451 '63':116 '9001':456 'a':218,300,388,402,416 'about':366 'accelerate':281 'accessories':234 'across':462 'advantages':147 'aims':279 'alliance':276 'also':381 'an':108,239 'and':22,35,52,81,144,157,173,183,192,209,228,232,257,287,317,336,354,396,415,432,445,454 'announced':43,61 'annual':408 'as':164,238,383 'assembly':319 'b2b':123 'backed':114,298,448 'base':304 'be':138,469 'bodies':356 'both':168 'brand':94,255,269 'brands':245,479 'brings':312 'by':115,270,299,374,449 'calibration':334,434 'camera':244,355,391 'cameras':231 'campus':407 'capacity':410 'certified':457 'chain':420 'clients':461 'co':39,67,215,370,379 'commitment':210 'communication':38 'community':326 'companies':117 'company':247,278,342,437 'compliant':84,265 'continue':189 'continuously':54 'contribute':288 'control':444 'corporation':21,34 'countries':466 'creation':159 'currently':113,259 'customers':204 'customization':447 'd':227,285 'decades':313 'declared':70 'deliver':348 'delivers':438 'demanding':360 'develop':191 'developing':260 'development':57 'digital':19,32,65,181,213,220,377,390 'diverse':200 'driven':477 'ecosystem':297 'electronic':318 'end':440,442 'end-to-end':439 'engaged':223 'enrich':99,154 'enterprise':222 'enterprises':120 'entertainment':24,37 'ever':58 'exceeding':411 'expanded':140 'expansion':291 'expected':136 'experience':102,160,237 'expertise':320 'february':14,27 'focusing':121 'for':74,161,242,474 'foshan':399 'founded':393 'four':9,46,77,105,131,170,176,262,274,295,324 'full':72 'fully':417 'further':139,153 'future':143 'global':89,100,162,203 'globally':251 'grinding':430 'group':5 'guangdong':369,386,400 'has':69 'have':53 'headquartered':397 'heritage':208 'high':351 'high-performance':350 'house':330,425 'imaging':85,101,110,156,221,478 'in':50,141,224,329,394,398,424 'in-house':328,423 'including':119,422 'initiators':166 'integrated':302,418 'international':243 'is':112,135,217,258,343,387 'iso':455 'its':56,71,92,249,253,282 'japan':13,26 'joining':271 'joins':2,7 'jointly':42 'known':382 'labs':335 'launch':83 'lens':429 'lenses':353 'lines':332 'lineup':134 'lineups':196 'ltd':40,68,216,371,380 'm43':3 'making':427 'manufacturer':241,392 'manufacturing':207,229,303,406,472 'market':90 'markets':248 'meet':198,358 'meters':310 'micro':8,45,76,104,130,175,261,273,294,323 'million':413 'mold':426 'more':463 'national':452 'needs':201 'odm':18,240 'of':148,167,202,230,292,314,362 'officially':60 'om':31,180 'on':122 'open':96,109,150,364 'operated':373 'operations':124 'optical':316,333,428,433 'optimize':193 'over':306,450 'own':93,254 'panasonic':23,36,184 'participation':128 'partner':473 'patents':453 'performance':352 'positioned':346 'precision':315 'preferred':471 'processes':458 'product':133,195,283 'production':409 'products':86,250,266 'professional':219,389 'progress':286 'promoted':55 'protocols':340 'quality':338,443,476 'quality-driven':475 'r':226,284 'rapid':446 'related':233 'reliable':349 'rich':236 'rigorous':337 's':127,206 'serves':460 'shenzhen':63,211,375 'since':59 'smart':405 'smt':331,431 'solutions':20,33,182 'songdian':1,6,95,205,256,311,367,372,384,459 'sonida':64,126,212,376 'spanning':305 'square':309 'standard':4,49,80,97,111,151 'standards':179,361 'stated':185 'striving':467 'supply':419 'support':73 'system':11,48,79,107,172,178,365 'technology':66,214,368,378,385 'testing':339 'than':464 'that':62,186,357 'the':44,75,88,103,129,142,145,155,165,169,174,199,225,246,268,272,277,290,293,322,341,359,363,436,470 'their':194 'they':187 'thirds':10,47,78,106,132,171,177,264,275,296,325 'thirds-compliant':263 'this':149 'to':87,98,137,190,197,280,289,321,347,441,468 'tokyo':12,25 'under':91,252,267 'unique':146 'units':414 'users':163 'vertically':301 'video':158 'well':345 'well-positioned':344 'which':41 'will':82,152,188 'with':125,235,327,401 'worldwide':118,480 '–':17,30 '—':421,435",1,/uploads/news/songdian-joins-m43-standard-group/cover.webp,3
2026-07-20 08:39:41.946929+08,2026-07-24 14:41:31.994944+08,0,,admin,8,soncdian-wins-guangdong-quality-trust-recognition,SONGDIAN Wins Guangdong Quality Recognition,"SONCDIAN Guangdong 3·15 Consumer Rights Protection Project GUANGZHOU, China – Feb. 1, 2026 – SONCDIAN, a prominent Chinese digital camera manufacturer
","
<p class=""wp-block-paragraph""><strong>GUANGZHOU, China</strong> – Feb. 1, 2026 – SONCDIAN, a prominent Chinese digital camera manufacturer, has been distinguished as the sole imaging brand selected for the 2026 Guangdong 3·15 Consumer Rights Protection and Anti-Counterfeiting Project. The selection highlights the brand&#8217;s commitment to product quality and reliable service.</p>



<p class=""wp-block-paragraph"">The brand was formally admitted at a signing ceremony hosted by Guangdong Radio and Television Station. It was chosen from a pool of 5,586 enterprises and now stands alongside over 30 other recognized consumer brands in the province, including Gree and Skyworth.</p>



<h2 class=""wp-block-heading"">Selected as the Sole Imaging Brand for the 3·15 Project</h2>



<p class=""wp-block-paragraph"">Organized by authorities such as the Guangdong Provincial Market Supervision Administration, the project identifies and promotes industry leaders known for quality and integrity. SONCDIAN&#8217;s admission marks the first inclusion of a digital camera brand, signifying a milestone for the domestic imaging sector.</p>



<h2 class=""wp-block-heading"">Commitment to Quality, Innovation, and Manufacturing Excellence</h2>



<p class=""wp-block-paragraph"">SONCDIAN earned this recognition through its ongoing investment in core imaging technologies—such as AI algorithms and sensor development—and its implementation of a rigorous, full-process quality management system certified to ISO 9001 standards. The company&#8217;s vertically integrated manufacturing capabilities—from precision optical lens grinding and SMT assembly to final calibration and environmental testing—ensure that every product meets the highest standards of performance and durability, backed by a 40,000-square-meter smart production base.</p>



<p class=""wp-block-paragraph"">&#8220;We see this as both an honor and a deepened responsibility,&#8221; said Zhao Kundian, founder of SONCDIAN. &#8220;Our principle has always been transparent specifications and reliable performance, ensuring consumers can purchase with confidence.&#8221;</p>



<p class=""wp-block-paragraph"">The brand&#8217;s market presence is growing. It led domestic digital camera sales on <a href=""http://JD.com"" target=""_blank"">JD.com</a> during the 2025 Double 11 shopping festival. Moving forward, SONCDIAN plans to intensify its focus on innovation and consumer protection, aiming to strengthen its position as a trusted name in the global imaging market.</p>



<h2 class=""wp-block-heading"">About SONCDIAN (SONGDIAN Technology)</h2>



<p class=""wp-block-paragraph"">SONCDIAN, operated by SONGDIAN Technology (Guangdong) Co., Ltd. (Shenzhen Suoda Digital Technology Co., Ltd.), is a professional digital camera manufacturer founded in 2010 and headquartered in Foshan, Guangdong. With a 40,000㎡ smart manufacturing campus, annual production capacity exceeding 10 million units, and a fully integrated supply chain — including in-house mold making, optical lens grinding, SMT, and optical calibration — the company delivers end-to-end quality control and rapid customization. Backed by over 500 national patents and ISO 9001-certified processes, SONCDIAN serves clients across more than 30 countries, striving to be the preferred manufacturing partner for quality-driven imaging brands worldwide.</p>



<p class=""wp-block-paragraph"">&nbsp;</p>
","",2026-07-20 08:39:41.946945+08,PUBLISHED,"'000':248 '000㎡':372 '1':17,31 '10':380 '11':307 '2010':363 '2025':305 '2026':18,32,52 '30':107,433 '3·15':8,54,127 '40':247,371 '5':99 '500':419 '586':100 '9001':211,424 'a':21,35,82,96,160,165,200,246,263,329,356,370,384 'about':337 'across':430 'administration':139 'admission':154 'admitted':80 'ai':192 'aiming':323 'algorithms':193 'alongside':105 'always':275 'an':260 'and':58,73,89,102,117,143,150,176,194,224,230,242,262,279,320,364,383,400,413,422 'annual':376 'anti':60 'anti-counterfeiting':59 'as':44,120,133,191,258,328 'assembly':226 'at':81 'authorities':131 'backed':244,416 'base':254 'be':437 'been':42,276 'both':259 'brand':48,67,77,124,163,289 'brands':111,447 'by':86,130,245,343,417 'calibration':229,402 'camera':25,39,162,299,359 'campus':375 'can':284 'capabilities—from':219 'capacity':378 'ceremony':84 'certified':208,425 'chain':388 'china':14,28 'chinese':23,37 'chosen':94 'clients':429 'co':347,353 'commitment':69,172 'company':214,405 'confidence':287 'consumer':9,55,110,321 'consumers':283 'control':412 'core':188 'counterfeiting':61 'countries':434 'customization':415 'deepened':264 'delivers':406 'development—and':196 'digital':24,38,161,298,351,358 'distinguished':43 'domestic':169,297 'double':306 'driven':445 'durability':243 'during':303 'earned':180 'end':408,410 'end-to-end':407 'ensuring':282 'enterprises':101 'environmental':231 'every':234 'exceeding':379 'excellence':178 'feb':16,30 'festival':309 'final':228 'first':157 'focus':317 'for':50,125,148,167,442 'formally':79 'forward':311 'foshan':367 'founded':361 'founder':269 'from':95 'full':203 'full-process':202 'fully':385 'global':334 'gree':116 'grinding':223,398 'growing':294 'guangdong':3,7,53,87,135,346,368 'guangzhou':13,27 'has':41,274 'headquartered':365 'highest':238 'highlights':65 'honor':261 'hosted':85 'house':393 'identifies':142 'imaging':47,123,170,189,335,446 'implementation':198 'in':112,187,332,362,366,392 'in-house':391 'including':115,390 'inclusion':158 'industry':145 'innovation':175,319 'integrated':217,386 'integrity':151 'intensify':315 'investment':186 'is':293,355 'iso':210,423 'it':92,295 'its':184,197,316,326 'jd.com':302 'known':147 'kundian':268 'leaders':146 'led':296 'lens':222,397 'ltd':348,354 'making':395 'management':206 'manufacturer':26,40,360 'manufacturing':177,218,374,440 'market':137,291,336 'marks':155 'meets':236 'meter':251 'milestone':166 'million':381 'mold':394 'more':431 'moving':310 'name':331 'national':420 'now':103 'of':98,159,199,240,270 'on':301,318 'ongoing':185 'operated':342 'optical':221,396,401 'organized':129 'other':108 'our':272 'over':106,418 'partner':441 'patents':421 'performance':241,281 'plans':313 'pool':97 'position':327 'precision':220 'preferred':439 'presence':292 'principle':273 'process':204 'processes':426 'product':71,235 'production':253,377 'professional':357 'project':12,62,128,141 'prominent':22,36 'promotes':144 'protection':11,57,322 'province':114 'provincial':136 'purchase':285 'quality':4,72,149,174,205,411,444 'quality-driven':443 'radio':88 'rapid':414 'recognition':5,182 'recognized':109 'reliable':74,280 'responsibility':265 'rights':10,56 'rigorous':201 's':68,153,215,290 'said':266 'sales':300 'sector':171 'see':256 'selected':49,119 'selection':64 'sensor':195 'serves':428 'service':75 'shenzhen':349 'shopping':308 'signifying':164 'signing':83 'skyworth':118 'smart':252,373 'smt':225,399 'sole':46,122 'soncdian':6,20,34,152,179,271,312,338,341,427 'songdian':1,339,344 'specifications':278 'square':250 'square-meter':249 'standards':212,239 'stands':104 'station':91 'strengthen':325 'striving':435 'such':132 'suoda':350 'supervision':138 'supply':387 'system':207 'technologies—such':190 'technology':340,345,352 'television':90 'testing—ensure':232 'than':432 'that':233 'the':45,51,63,66,76,113,121,126,134,140,156,168,213,237,288,304,333,404,438 'this':181,257 'through':183 'to':70,173,209,227,314,324,409,436 'transparent':277 'trusted':330 'units':382 'vertically':216 'was':78,93 'we':255 'wins':2 'with':286,369 'worldwide':448 'zhao':267 '–':15,19,29,33 '—':389,403",1,/uploads/news/soncdian-wins-guangdong-quality-trust-recognition/cover.webp,2
2026-07-20 08:39:41.933366+08,2026-07-24 14:41:32.032335+08,0,,admin,5,soncian-shines-at-2025-china-brand-day-awarded-top-500-global-brand-competitiveness,"SONGDIAN Shines at 2026 China Brand Day, Awarded Top 500 Global Brand Competitiveness","SONGDIAN named a 2026 Bay Area Brand Leadership Program Partner at the Guangdong Brand Development Conference on May 10 in Guangzhou. Selected alongside Huawei, Tencent, BYD, and DJI, the company has 16 years of R&#038;D experience and exports to over 30 countries. SONGDIAN remains committed to building a globally trusted Chinese imaging brand.
","
<p class=""wp-block-paragraph""><strong>GUANGZHOU, China</strong> – SONGDIAN (Shenzhen Suoda Digital Technology Co., Ltd.), a leading Chinese digital camera manufacturer, has achieved a major milestone in brand development by being officially named a 2026 Bay Area Brand Leadership Program Partner at the 2026 Guangdong Brand Development Conference, held on May 10 in Guangzhou to celebrate China Brand Day.</p>



<p class=""wp-block-paragraph"">Organized by the Guangdong Radio and Television Administration and the Guangdong Enterprise Brand Construction Promotion Association, this prestigious annual event brings together over 400 government leaders, industry experts, and top enterprise representatives to recognize excellence in brand building and global competitiveness.</p>



<p class=""wp-block-paragraph"">SONGDIAN was selected for the program alongside other industry giants including Huawei, Tencent, BYD, Midea, DJI, and Gree, having previously ranked among the 2025 Top 500 Guangdong Brands for Global Competitiveness.</p>



<h2 class=""wp-block-heading"">A Milestone in SONGDIAN&#8217;s Brand Evolution</h2>



<p class=""wp-block-paragraph"">This recognition marks a significant step forward for SONGDIAN as it evolves from a strong regional player into a globally competitive imaging brand. For 16 years, the company has remained committed to independent research and development, continuously breaking through technical barriers to make professional imaging technology more accessible to consumers worldwide.</p>



<h2 class=""wp-block-heading"">Commitment to Innovation and Global Trust</h2>



<p class=""wp-block-paragraph"">&#8220;Our mission has always been to create a globally trusted Chinese imaging brand,&#8221; said a company representative during the keynote speech at the conference. &#8220;This award is a testament to the hard work of our entire team and the trust our customers have placed in us. We will continue to innovate and deliver high-quality imaging products and services to customers around the world.&#8221;</p>



<h2 class=""wp-block-heading"">Global Sales and Distribution Network</h2>



<p class=""wp-block-paragraph"">SONGDIAN has built a comprehensive global sales and distribution network that now spans more than 30 countries and regions. The company operates through major international e-commerce platforms including Amazon, eBay, Walmart, TikTok Shop, and Temu, as well as a network of local distributors and brand agents, providing seamless online and offline customer experiences.</p>



<h2 class=""wp-block-heading"">Future Outlook</h2>



<p class=""wp-block-paragraph"">Looking ahead, SONGDIAN will leverage the strategic opportunities presented by the Bay Area Brand Leadership Program to accelerate technological innovation, strengthen brand building, and expand its global service capabilities. The company remains dedicated to promoting Chinese imaging brands on the world stage and shaping the future of global imaging.</p>



<h2 class=""wp-block-heading"">About SONGDIAN Technology (Guangdong) Co., Ltd.</h2>



<p class=""wp-block-paragraph"">Founded in 2010 and headquartered in China, SONGDIAN is a professional digital camera manufacturer dedicated to the research, development, production, and global distribution of consumer imaging electronics. With advanced assembly and testing facilities, the company has served clients across North America, Europe, Southeast Asia, and the Middle East. SONGDIAN continues to invest in next-generation imaging technologies, striving to be the preferred manufacturing partner for quality-driven camera brands worldwide.</p>



<p class=""wp-block-paragraph""><br>
</p>
","",2026-07-20 08:39:41.933381+08,PUBLISHED,"'10':32,114 '16':45,225 '2010':442 '2025':186 '2026':4,17,97,106 '30':55,343 '400':145 '500':10,188 'a':16,62,78,86,96,194,204,214,219,265,272,285,331,368,449 'about':434 'accelerate':402 'accessible':248 'achieved':85 'across':478 'administration':129 'advanced':468 'agents':375 'ahead':386 'alongside':36,169 'always':261 'amazon':358 'america':480 'among':184 'and':40,51,127,130,150,160,179,235,255,295,309,316,325,335,345,363,373,379,408,427,443,460,470,484 'annual':140 'area':19,99,397 'around':320 'as':210,365,367 'asia':483 'assembly':469 'association':137 'at':3,24,104,279 'award':283 'awarded':8 'barriers':241 'bay':18,98,396 'be':500 'been':262 'being':93 'brand':6,12,20,27,67,90,100,108,120,134,158,199,223,270,374,398,406 'brands':190,422,510 'breaking':238 'brings':142 'building':61,159,407 'built':330 'by':92,123,394 'byd':39,176 'camera':82,452,509 'capabilities':413 'celebrate':118 'china':5,69,119,446 'chinese':65,80,268,420 'clients':477 'co':76,438 'commerce':355 'commitment':252 'committed':59,231 'company':43,228,273,348,415,474 'competitive':221 'competitiveness':13,162,193 'comprehensive':332 'conference':29,110,281 'construction':135 'consumer':464 'consumers':250 'continue':306 'continues':489 'continuously':237 'countries':56,344 'create':264 'customer':381 'customers':299,319 'd':49 'day':7,121 'dedicated':417,454 'deliver':310 'development':28,91,109,236,458 'digital':74,81,451 'distribution':326,336,462 'distributors':372 'dji':41,178 'driven':508 'during':275 'e':354 'e-commerce':353 'east':487 'ebay':359 'electronics':466 'enterprise':133,152 'entire':293 'europe':481 'event':141 'evolution':200 'evolves':212 'excellence':156 'expand':409 'experience':50 'experiences':382 'experts':149 'exports':52 'facilities':472 'for':166,191,208,224,505 'forward':207 'founded':440 'from':213 'future':383,430 'generation':495 'giants':172 'global':11,161,192,256,323,333,411,432,461 'globally':63,220,266 'government':146 'gree':180 'guangdong':26,107,125,132,189,437 'guangzhou':34,68,116 'hard':289 'has':44,84,229,260,329,475 'have':300 'having':181 'headquartered':444 'held':111 'high':312 'high-quality':311 'huawei':37,174 'imaging':66,222,245,269,314,421,433,465,496 'in':33,89,115,157,196,302,441,445,492 'including':173,357 'independent':233 'industry':148,171 'innovate':308 'innovation':254,404 'international':352 'into':218 'invest':491 'is':284,448 'it':211 'its':410 'keynote':277 'leaders':147 'leadership':21,101,399 'leading':79 'leverage':389 'local':371 'looking':385 'ltd':77,439 'major':87,351 'make':243 'manufacturer':83,453 'manufacturing':503 'marks':203 'may':31,113 'middle':486 'midea':177 'milestone':88,195 'mission':259 'more':247,341 'named':15,95 'network':327,337,369 'next':494 'next-generation':493 'north':479 'now':339 'of':47,291,370,431,463 'officially':94 'offline':380 'on':30,112,423 'online':378 'operates':349 'opportunities':392 'organized':122 'other':170 'our':258,292,298 'outlook':384 'over':54,144 'partner':23,103,504 'placed':301 'platforms':356 'player':217 'preferred':502 'presented':393 'prestigious':139 'previously':182 'production':459 'products':315 'professional':244,450 'program':22,102,168,400 'promoting':419 'promotion':136 'providing':376 'quality':313,507 'quality-driven':506 'r':48 'radio':126 'ranked':183 'recognition':202 'recognize':155 'regional':216 'regions':346 'remained':230 'remains':58,416 'representative':274 'representatives':153 'research':234,457 's':198 'said':271 'sales':324,334 'seamless':377 'selected':35,165 'served':476 'service':412 'services':317 'shaping':428 'shenzhen':72 'shines':2 'shop':362 'significant':205 'songdian':1,14,57,71,163,197,209,328,387,435,447,488 'southeast':482 'spans':340 'speech':278 'stage':426 'step':206 'strategic':391 'strengthen':405 'striving':498 'strong':215 'suoda':73 'team':294 'technical':240 'technological':403 'technologies':497 'technology':75,246,436 'television':128 'temu':364 'tencent':38,175 'testament':286 'testing':471 'than':342 'that':338 'the':25,42,105,124,131,167,185,227,276,280,288,296,321,347,390,395,414,424,429,456,473,485,501 'this':138,201,282 'through':239,350 'tiktok':361 'to':53,60,117,154,232,242,249,253,263,287,307,318,401,418,455,490,499 'together':143 'top':9,151,187 'trust':257,297 'trusted':64,267 'us':303 'walmart':360 'was':164 'we':304 'well':366 'will':305,388 'with':467 'work':290 'world':322,425 'worldwide':251,511 'years':46,226 '–':70",1,/uploads/news/soncian-shines-at-2025-china-brand-day-awarded-top-500-global-brand-competitiveness/cover.webp,6
2026-07-20 08:39:41.919597+08,2026-07-24 14:41:32.032749+08,0,,admin,3,songdian-manufacturing-unveils-dc417x-with-7x-optical-zoom-for-oem-odm-partners,SONGDIAN Manufacturing Unveils DC417X with 7X Optical Zoom for OEM/ODM Partners,"SONGDIAN Technology (Guangdong) Co., Ltd., an ISO-certified OEM/ODM plant with a 40,000㎡ smart factory and 10M annual capacity, unveils the DC417X—a premium optical zoom camera powered by a Sony IMX858 50MP sensor and our self-developed 7X optical zoom lens. Fully manufactured in-house from molding to calibration, it offers turnkey or customized solutions with consistent quality, rapid turnaround, and flexible private-label support.
","
<p class=""wp-block-paragraph""><strong>FOSHAN, China</strong> – As a dedicated OEM/ODM manufacturer with over 18 years of experience in digital imaging, SONGDIAN Technology (Guangdong) Co., Ltd. (subsidiary of Shenzhen Suoda Digital Technology Co., Ltd., founded in 2006) today announces the addition of the DC417X to our production portfolio. This new model is not merely a product launch; it is a clear statement of our manufacturing capabilities – from optical lens design and precision molding to complete camera assembly and testing – all performed in our own 40,000-square-meter smart manufacturing base.</p>



<p class=""wp-block-paragraph"">We extend an open invitation to global importers, distributors, and brand owners: the DC417X is a production-ready solution that can be rapidly adapted to your specifications, whether you need firmware tweaks, hardware adjustments, or full private-label branding.</p>



<h2 class=""wp-block-heading"">Full-Chain Manufacturing: The 7X Optical Zoom Lens as Proof of Capability</h2>



<p class=""wp-block-paragraph"">The DC417X incorporates a self-developed 7X external telescopic optical zoom lens (8 groups, 9 elements), a component that many assembly-only factories cannot produce in-house. By owning the entire lens manufacturing process – from grinding to coating to assembly – we eliminate third-party dependencies, reduce lead times, and maintain strict quality control. The lens offers an 84° field of view, aperture F3.1 (Wide) to F6.0 (Tele), and focuses from 5cm (Wide) to infinity (Tele), making it suitable for diverse imaging applications.</p>



<p class=""wp-block-paragraph"">Paired with a Sony IMX858 50MP 1/2.5-inch CMOS sensor – renowned for its all-pixel phase-detection autofocus and HDR performance – this optical system delivers 8K video (7680×4320 @15fps) and interpolated stills up to 88MP. However, what matters to our B2B clients is that we have the engineering know-how to tune, calibrate, and customize this platform according to your market positioning.</p>



<h2 class=""wp-block-heading"">Dual-Camera Configuration – Ready for Versatile Product Differentiation</h2>



<p class=""wp-block-paragraph"">The DC417X features a front (IMX858) and rear selfie (IMX214 13MP) dual-camera setup. This hardware architecture can be adapted for various use cases – action cameras, vlogging devices, or multi-lens consumer electronics. Our R&amp;D team can modify firmware to adjust scene modes, filters, and metering algorithms, giving you a differentiated product without starting from scratch.</p>



<h2 class=""wp-block-heading"">Technical Specifications – A Solid Foundation for Customization</h2>



<p class=""wp-block-paragraph"">All key parameters are pre-validated and production-stable, enabling swift customization:</p>




<table class=""has-fixed-layout""><tbody><tr><th>Parameter</th><th>Specification</th></tr><tr><td>Display</td><td>2.8&#8243; IPS touchscreen, 640×480</td></tr><tr><td>Battery</td><td>NP-40 1050mAh Li-ion (≤80min video, ≤90min photo)</td></tr><tr><td>Storage</td><td>TF slot up to 256GB (SDXC C10 U1+)</td></tr><tr><td>Interface</td><td>Type-C USB (mass storage / webcam)</td></tr><tr><td>Shutter</td><td>1/2s – 1/3840s</td></tr><tr><td>ISO</td><td>Auto / 100 – 3200</td></tr><tr><td>Video modes</td><td>8K15, 6K30, 5K30, 4K30, 1080P120, 720P240, etc.</td></tr><tr><td>Photo ratios</td><td>4:3, 16:9, 1:1, 3:2, 5:4, 2.35:1, 4:5</td></tr><tr><td>Weight / Size</td><td>155g (with batt.) / 105×65×31.5 mm</td></tr></tbody></table>



<p class=""wp-block-paragraph"">Additional features – electronic stabilization (5-axis gyro), 30fps burst, HDR, Wi-Fi with Viipulse app, 8 scene modes, 14 filters – are all firmware-controllable, giving you ample room for product tiering and regional adaptation.</p>



<h2 class=""wp-block-heading"">What We Offer as Your Factory Partner</h2>



<ul class=""wp-block-list"">
<li><strong>Vertically integrated production:</strong> In-house mold making, lens grinding, SMT, assembly, and final calibration – no outsourcing, no hidden quality variance.</li>



<li><strong>Scalable capacity:</strong> Annual output of 10 million units, backed by a 40,000㎡ facility, ensuring on-time delivery for bulk orders.</li>



<li><strong>Flexible customization:</strong> From UI language packs (12+ languages supported) to hardware modifications (e.g., button layout, packaging), we tailor the product to your brand identity.</li>



<li><strong>Quality assurance:</strong> ISO-certified processes, with each unit undergoing rigorous optical, electrical, and environmental testing before shipment.</li>



<li><strong>Patented technology:</strong> Over 500 national patents in optical zoom, sensor algorithms, and AI imaging, providing you with a legally sound, innovation-backed product.</li>
</ul>



<h2 class=""wp-block-heading"">Partner with Us</h2>



<p class=""wp-block-paragraph"">The DC417X is already in production tooling and available for OEM/ODM orders immediately. We welcome your inquiries for samples, custom specifications, and volume pricing. Our engineering team stands ready to co-develop solutions that match your target markets – whether it&#8217;s a budget-friendly variant or a premium feature-rich model.</p>



<h2 class=""wp-block-heading"">About SONGDIAN Technology (Guangdong) Co., Ltd.</h2>



<p class=""wp-block-paragraph"">SONGDIAN Technology (Guangdong) Co., Ltd. is a professional OEM/ODM digital imaging manufacturer headquartered in Foshan, Guangdong, and a subsidiary of Shenzhen Suoda Digital Technology Co., Ltd. (est. 2006). We specialize in the full-cycle development and production of digital cameras, camcorders, and consumer electronics. With a 40,000㎡ smart factory, annual capacity of 10 million units, and over 500 national patents, we are a reliable manufacturing partner for brands worldwide.</p>



<p class=""wp-block-paragraph"">  <br>
<br>
</p>
","",2026-07-20 08:39:41.919614+08,PUBLISHED,"'-40':481 '000':165 '000㎡':26,627,815 '1':531,532,538 '1/2.5-inch':320 '1/2s':508 '1/3840s':510 '10':620,821 '100':513 '1050mah':482 '105×65×31.5':546 '1080p120':522 '10m':30 '12':643 '13mp':400 '14':568 '155g':543 '15fps':345 '16':529 '18':92 '2':534 '2.35':537 '2.8':475 '2006':114,794 '256gb':495 '3':528,533 '30fps':556 '3200':515 '4':527,536,539 '40':25,164,626,814 '4k30':521 '5':535,540,553 '500':682,826 '50mp':45,319 '5cm':302 '5k30':520 '640×480':478 '6k30':519 '720p240':523 '7680×4320':344 '7x':6,52,218,233 '8':239,565 '84°':289 '88mp':351 '8k':342 '8k15':518 '9':241,530 'a':24,42,86,132,137,187,229,243,316,393,443,453,625,696,749,755,773,784,813,831 'about':761 'according':375 'action':416 'adaptation':585 'adapted':196,410 'addition':118 'additional':548 'adjust':434 'adjustments':206 'ai':691 'algorithms':440,689 'all':159,328,458,572 'all-pixel':327 'already':709 'ample':578 'an':17,174,288 'and':29,47,76,149,156,181,280,299,334,346,371,396,438,465,583,605,674,690,713,727,783,803,809,824 'announces':116 'annual':31,617,818 'aperture':293 'app':564 'applications':313 'architecture':407 'are':461,571,830 'as':85,222,589 'assembly':155,248,269,604 'assembly-only':247 'assurance':662 'auto':512 'autofocus':333 'available':714 'axis':554 'b2b':357 'backed':623,701 'base':171 'batt':545 'battery':479 'be':194,409 'before':677 'brand':182,659 'branding':212 'brands':836 'budget':751 'budget-friendly':750 'bulk':635 'burst':557 'button':650 'by':41,256,624 'c':502 'c10':497 'calibrate':370 'calibration':64,607 'camcorders':808 'camera':39,154,382,403 'cameras':417,807 'can':193,408,430 'cannot':251 'capabilities':143 'capability':225 'capacity':32,616,819 'cases':414 'certified':20,665 'chain':215 'china':83 'clear':138 'clients':358 'cmos':321 'co':15,102,110,737,765,770,791 'co-develop':736 'coating':267 'complete':153 'component':244 'configuration':383 'consistent':72 'consumer':424,810 'control':284 'controllable':575 'custom':725 'customization':457,471,638 'customize':372 'customized':69 'cycle':801 'd':428 'dc417x':4,121,185,227,391,707 'dc417x—a':35 'dedicated':87 'delivers':341 'delivery':633 'dependencies':276 'design':148 'detection':332 'develop':738 'developed':51,232 'development':802 'devices':419 'differentiated':444 'differentiation':389 'digital':97,108,776,789,806 'display':474 'distributors':180 'diverse':311 'dual':381,402 'dual-camera':380,401 'e.g':649 'each':668 'electrical':673 'electronic':551 'electronics':425,811 'elements':242 'eliminate':272 'enabling':469 'engineering':364,731 'ensuring':629 'entire':259 'environmental':675 'est':793 'etc':524 'experience':95 'extend':173 'external':234 'f3.1':294 'f6.0':297 'facility':628 'factories':250 'factory':28,591,817 'feature':758 'feature-rich':757 'features':392,549 'fi':561 'field':290 'filters':437,569 'final':606 'firmware':203,432,574 'firmware-controllable':573 'flexible':77,637 'focuses':300 'for':9,310,325,386,411,456,580,634,715,723,835 'foshan':82,781 'foundation':455 'founded':112 'friendly':752 'from':61,145,264,301,448,639 'front':394 'full':208,214,800 'full-chain':213 'full-cycle':799 'fully':56 'giving':441,576 'global':178 'grinding':265,602 'groups':240 'guangdong':14,101,764,769,782 'gyro':555 'hardware':205,406,647 'have':362 'hdr':335,558 'headquartered':779 'hidden':612 'house':60,255,598 'how':367 'however':352 'identity':660 'imaging':98,312,692,777 'immediately':718 'importers':179 'imx214':399 'imx858':44,318,395 'in':59,96,113,161,254,597,685,710,780,797 'in-house':58,253,596 'incorporates':228 'infinity':305 'innovation':700 'innovation-backed':699 'inquiries':722 'integrated':594 'interface':499 'interpolated':347 'invitation':176 'ion':485 'ips':476 'is':129,136,186,359,708,772 'iso':19,511,664 'iso-certified':18,663 'it':65,135,308,747 'its':326 'key':459 'know':366 'know-how':365 'label':80,211 'language':641 'languages':644 'launch':134 'layout':651 'lead':278 'legally':697 'lens':55,147,221,238,260,286,423,601 'li':484 'li-ion':483 'ltd':16,103,111,766,771,792 'maintain':281 'making':307,600 'manufactured':57 'manufacturer':89,778 'manufacturing':2,142,170,216,261,833 'many':246 'market':378 'markets':744 'mass':504 'match':741 'matters':354 'merely':131 'meter':168 'metering':439 'million':621,822 'mm':547 'model':128,760 'modes':436,517,567 'modifications':648 'modify':431 'mold':599 'molding':62,151 'multi':422 'multi-lens':421 'national':683,827 'need':202 'new':127 'no':609,611 'not':130 'np':480 'oem/odm':10,21,88,716,775 'of':94,105,119,140,224,291,619,786,805,820 'offer':588 'offers':66,287 'on':631 'on-time':630 'only':249 'open':175 'optical':7,37,53,146,219,236,339,672,686 'or':68,207,420,754 'orders':636,717 'our':48,123,141,162,356,426,730 'output':618 'outsourcing':610 'over':91,681,825 'own':163 'owners':183 'owning':257 'packaging':652 'packs':642 'paired':314 'parameter':472 'parameters':460 'partner':592,703,834 'partners':11 'party':275 'patented':679 'patents':684,828 'performance':336 'performed':160 'phase':331 'phase-detection':330 'photo':489,525 'pixel':329 'plant':22 'platform':374 'portfolio':125 'positioning':379 'powered':40 'pre':463 'pre-validated':462 'precision':150 'premium':36,756 'pricing':729 'private':79,210 'private-label':78,209 'process':262 'processes':666 'produce':252 'product':133,388,445,581,656,702 'production':124,189,467,595,711,804 'production-ready':188 'production-stable':466 'professional':774 'proof':223 'providing':693 'quality':73,283,613,661 'r':427 'rapid':74 'rapidly':195 'ratios':526 'ready':190,385,734 'rear':397 'reduce':277 'regional':584 'reliable':832 'renowned':324 'rich':759 'rigorous':671 'room':579 's':748 'samples':724 'scalable':615 'scene':435,566 'scratch':449 'sdxc':496 'self':50,231 'self-developed':49,230 'selfie':398 'sensor':46,322,688 'setup':404 'shenzhen':106,787 'shipment':678 'shutter':507 'size':542 'slot':492 'smart':27,169,816 'smt':603 'solid':454 'solution':191 'solutions':70,739 'songdian':1,12,99,762,767 'sony':43,317 'sound':698 'specialize':796 'specification':473 'specifications':199,451,726 'square':167 'square-meter':166 'stabilization':552 'stable':468 'stands':733 'starting':447 'statement':139 'stills':348 'storage':490,505 'strict':282 'subsidiary':104,785 'suitable':309 'suoda':107,788 'support':81 'supported':645 'swift':470 'system':340 'tailor':654 'target':743 'team':429,732 'technical':450 'technology':13,100,109,680,763,768,790 'tele':298,306 'telescopic':235 'testing':157,676 'tf':491 'that':192,245,360,740 'the':34,117,120,184,217,226,258,285,363,390,655,706,798 'third':274 'third-party':273 'this':126,338,373,405 'tiering':582 'time':632 'times':279 'to':63,122,152,177,197,266,268,296,304,350,355,368,376,433,494,646,657,735 'today':115 'tooling':712 'touchscreen':477 'tune':369 'turnaround':75 'turnkey':67 'tweaks':204 'type':501 'type-c':500 'u1':498 'ui':640 'undergoing':670 'unit':669 'units':622,823 'unveils':3,33 'up':349,493 'us':705 'usb':503 'use':413 'validated':464 'variance':614 'variant':753 'various':412 'versatile':387 'vertically':593 'video':343,487,516 'view':292 'viipulse':563 'vlogging':418 'volume':728 'we':172,271,361,587,653,719,795,829 'webcam':506 'weight':541 'welcome':720 'what':353,586 'whether':200,746 'wi':560 'wi-fi':559 'wide':295,303 'with':5,23,71,90,315,544,562,667,695,704,812 'without':446 'worldwide':837 'years':93 'you':201,442,577,694 'your':198,377,590,658,721,742 'zoom':8,38,54,220,237,687 '–':84,144,158,263,270,323,337,384,415,452,509,514,550,570,608,745 '≤80min':486 '≤90min':488",1,/uploads/news/songdian-manufacturing-unveils-dc417x-with-7x-optical-zoom-for-oem-odm-partners/cover.jpg,8
2026-07-20 08:39:41.903957+08,2026-07-24 15:47:02.280058+08,0,,admin,1,songdian-manufacturing-oem-partner-for-kenko,Songdian Manufacturing: OEM Partner for Kenko,"As an OEM/ODM partner for Kenko, Minolta, and other global optical brands, Songdian Technology operates a 40,000㎡ intelligent facility with 12 automated lines , delivering one-stop solutions from R&#038;D to production.
","
<h2 class=""wp-block-heading"">Craftsmanship Inherited, Standards Internalized</h2>



<p class=""wp-block-paragraph"">Songdian&#8217;s manufacturing system has been shaped by deep ODM partnerships with Minolta, Rollei, and Kenko. Through extensive joint development and mass production, our team has fully absorbed Japanese optical core processes—multi-layer coating precision, viewfinder calibration, environmental reliability testing, and zero-defect quality protocols.</p>



<p class=""wp-block-paragraph"">With 500+ patents and ISO9001, CE, FDA, Sedex certifications, all lines run to international brand-specified Quality Control Plans. This fully internalized standard delivers &#8220;plug-and-play&#8221; high-quality OEM service with zero ramp-up friction.</p>



<h2 class=""wp-block-heading"">Scale: 40,000㎡, 12 Lines, 4M+ Units/Year</h2>



<p class=""wp-block-paragraph"">Our Foshan base spans 40,000㎡ with 12 intelligent assembly lines covering SMT, pre-processing, assembly, aging, testing, packaging, and shipping. Key automated systems include Type-C lines, USB auto-loaders, AI inserters, and battery auto-sorting lines.</p>



<p class=""wp-block-paragraph"">With 1,000+ staff, we support flexible multi-product, multi-batch scheduling. A new Ronggui HQ is under development with significant investment, adding more factory space and advanced equipment to scale capacity from pilot runs (thousands) to mass production (millions).</p>



<h2 class=""wp-block-heading"">End-to-End Quality: Japanese Standards, Every Step</h2>



<p class=""wp-block-paragraph"">Zero-defect discipline is embedded daily—from IQC, IPQC, OQC to reliability lab testing (environmental, drop, lifespan). Every line has digital traceability linking each unit to batch, operator, and test data—complete quality archives for brand partners.</p>



<p class=""wp-block-paragraph"">We pass annual international brand audits and hold Sedex certification. Customized quality agreements and third-party testing available upon request.</p>



<h2 class=""wp-block-heading"">R&amp;D Power: From Concept to Mass Production</h2>



<p class=""wp-block-paragraph"">Our 100+ R&amp;D professionals span optics, electronics, mechanics, and firmware. We rapidly define products per client specs and have achieved proprietary breakthroughs in optical zoom lenses, large-sensor algorithms, and AI imaging—with multiple in-house lenses already in mass production, breaking foreign monopoly in high-end optics.</p>



<p class=""wp-block-paragraph"">We offer full-cycle services: ID/MD design, PCB layout, tooling, pilot validation, and mass production—with lead times compressed to industry-leading levels. Deep customization (appearance, UI, packaging) fully supported.</p>



<h2 class=""wp-block-heading"">Cost Advantage: Supply Chain Scale Passed to You</h2>



<p class=""wp-block-paragraph"">Our sourcing scale for core components (lenses, sensors, chips, LCDs) —built through partnerships with international brands—combined with smart lines and lean management, significantly undercuts industry average per-unit costs. We pass these savings to you—competitive pricing without quality compromise.</p>



<p class=""wp-block-paragraph"">Our production covers compact cameras, retro mirrorless, optical zoom, children&#8217;s cameras, and print cameras—all adaptable to diverse market segments and channels.</p>



<p class=""wp-block-paragraph"">We invite global imaging brands to visit our Foshan facility and explore your path from concept to production.</p>
","",2026-07-24 15:47:02+08,PUBLISHED,"'000':183 '000㎡':24,134,144 '1':182 '100':298 '12':28,135,146 '40':23,133,143 '4m':137 '500':93 'a':22,195 'absorbed':72 'achieved':317 'adaptable':442 'adding':205 'advanced':210 'advantage':380 'aging':156 'agreements':280 'ai':173,329 'algorithms':327 'all':101 'already':336 'an':8 'and':14,59,65,86,95,119,159,175,209,260,274,281,306,315,328,361,406,439,447,459 'annual':270 'appearance':374 'archives':264 'as':7 'assembly':148,155 'audits':273 'auto':171,178 'auto-loaders':170 'auto-sorting':177 'automated':29,162 'available':286 'average':412 'base':141 'batch':193,258 'battery':176 'been':50 'brand':107,266,272 'brand-specified':106 'brands':18,453 'brands—combined':402 'breaking':340 'breakthroughs':319 'by':52 'c':167 'calibration':82 'cameras':431,438 'cameras—all':441 'capacity':214 'ce':97 'certification':277 'certifications':100 'chain':382 'channels':448 'children':436 'chips':395 'client':313 'coating':79 'compact':430 'components':392 'compressed':366 'compromise':426 'concept':293,464 'control':110 'core':75,391 'cost':379 'costs':416 'covering':150 'covers':429 'craftsmanship':41 'customization':373 'customized':278 'cycle':352 'd':38,290,300 'daily—from':238 'data—complete':262 'deep':53,372 'defect':89,234 'define':310 'delivering':31 'delivers':116 'design':355 'development':64,201 'digital':252 'discipline':235 'diverse':444 'drop':247 'each':255 'electronics':304 'embedded':237 'end':224,226,346 'end-to-end':223 'environmental':83,246 'equipment':211 'every':230,249 'explore':460 'extensive':62 'facility':26,458 'factory':207 'fda':98 'firmware':307 'flexible':187 'for':5,11,265,390 'foreign':341 'foshan':140,457 'friction':131 'from':36,215,292,463 'full':351 'full-cycle':350 'fully':71,113,377 'global':16,451 'has':49,70,251 'have':316 'high':122,345 'high-end':344 'high-quality':121 'hold':275 'house':334 'hq':198 'id/md':354 'imaging':452 'imaging—with':330 'in':320,333,337,343 'in-house':332 'include':164 'industry':369,411 'industry-leading':368 'inherited':42 'inserters':174 'intelligent':25,147 'internalized':44,114 'international':105,271,401 'investment':204 'invite':450 'ipqc':240 'iqc':239 'is':199,236 'iso9001':96 'japanese':73,228 'joint':63 'kenko':6,12,60 'key':161 'lab':244 'large':325 'large-sensor':324 'layer':78 'layout':357 'lcds':396 'lead':364 'leading':370 'lean':407 'lenses':323,335,393 'levels':371 'lifespan':248 'line':250 'lines':30,102,136,149,168,180,405 'linking':254 'loaders':172 'management':408 'manufacturing':2,47 'market':445 'mass':66,220,295,338,362 'mechanics':305 'millions':222 'minolta':13,57 'mirrorless':433 'monopoly':342 'more':206 'multi':189,192 'multi-batch':191 'multi-product':188 'multiple':331 'new':196 'odm':54 'oem':3,124 'oem/odm':9 'offer':349 'one':33 'one-stop':32 'operates':21 'operator':259 'optical':17,74,321,434 'optics':303,347 'oqc':241 'other':15 'our':68,139,297,387,427,456 'packaging':158,376 'partner':4,10 'partners':267 'partnerships':55,399 'party':284 'pass':269,418 'passed':384 'patents':94 'path':462 'pcb':356 'per':312,414 'per-unit':413 'pilot':216,359 'plans':111 'play':120 'plug':118 'plug-and-play':117 'power':291 'pre':153 'pre-processing':152 'precision':80 'pricing':423 'print':440 'processes—multi':77 'processes—multi-layer':76 'processing':154 'product':190 'production':40,67,221,296,339,428,466 'production—with':363 'products':311 'professionals':301 'proprietary':318 'protocols':91 'quality':90,109,123,227,263,279,425 'r':37,289,299 'ramp':129 'ramp-up':128 'rapidly':309 'reliability':84,243 'request':288 'retro':432 'rollei':58 'ronggui':197 'run':103 'runs':217 's':46,437 'savings':420 'scale':132,213,383,389 'scheduling':194 'sedex':99,276 'segments':446 'sensor':326 'sensors':394 'service':125 'services':353 'shaped':51 'shipping':160 'significant':203 'significantly':409 'smart':404 'smt':151 'solutions':35 'songdian':1,19,45 'sorting':179 'sourcing':388 'space':208 'span':302 'spans':142 'specified':108 'specs':314 'staff':184 'standard':115 'standards':43,229 'step':231 'stop':34 'supply':381 'support':186 'supported':378 'system':48 'systems':163 'team':69 'technology':20 'test':261 'testing':85,157,245,285 'these':419 'third':283 'third-party':282 'this':112 'thousands':218 'through':61,398 'times':365 'to':39,104,212,219,225,242,257,294,367,385,421,443,454,465 'tooling':358 'traceability':253 'type':166 'type-c':165 'ui':375 'under':200 'undercuts':410 'unit':256,415 'units/year':138 'up':130 'upon':287 'usb':169 'validation':360 'viewfinder':81 'visit':455 'we':185,268,308,348,417,449 'with':27,56,92,126,145,181,202,400,403 'without':424 'you':386 'your':461 'you—competitive':422 'zero':88,127,233 'zero-defect':87,232 'zoom':322,435 '—built':397",1,/uploads/news/songdian-manufacturing-oem-partner-for-kenko/cover.webp,1
2026-07-20 08:39:41.911687+08,2026-07-24 15:48:24.84348+08,0,,admin,2,songdian-unveils-dc106y-flip-top-camera-your-oem-odm-partner,Songdian Unveils DC106Y Flip-Top Camera – Your OEM/ODM Partner,"Featuring a 2.8-inch flip-up screen, 13MP sensor, and 8K video, the DC106Y showcases Songdian&#8217;s manufacturing excellence. Designed for B2B clients, it offers complete private-label customization with robust production capabilities.","
<p class=""wp-block-paragraph""><strong>SONGDIAN, China</strong> – Songdian Technology (Guangdong) Co., Ltd., a seasoned manufacturer in the digital imaging industry, today unveiled its latest innovation, the DC106Y flip-top digital camera. Engineered to meet the evolving demands of content creators and everyday users alike, the DC106Y represents a significant leap in design and functionality—and a clear statement of Songdian&#8217;s manufacturing prowess.</p>



<p class=""wp-block-paragraph"">At the heart of the DC106Y is its distinctive flip-top design, a feature that sets it apart in the crowded digital camera market. This intuitive form factor, combined with a vibrant 2.8-inch IPS display, offers users unparalleled flexibility for selfie photography, vlogging, and creative angle shooting. The 480×640 resolution screen delivers crisp, clear image previews and playback, ensuring that every shot is perfectly framed.</p>



<p class=""wp-block-paragraph"">Under the hood, the DC106Y is powered by a 13.0MP CMOS sensor (AR1335) capable of producing images up to an interpolated 96 megapixels. Video capabilities are equally impressive, supporting resolutions from 1080P all the way up to 8K, making it a versatile tool for both high-quality photography and professional-grade videography. The camera also features a 74.7° wide-angle lens with an F/2.2 aperture, 16x digital zoom (5x optical zoom equivalent), and a minimum focusing distance of just 15cm—ensuring sharp, detailed images in a variety of shooting scenarios.</p>



<p class=""wp-block-paragraph"">Beyond its impressive hardware, the DC106Y is packed with features that enhance the user experience:</p>



<ul class=""wp-block-list"">
<li>Auto focus for effortless shooting</li>



<li>Built-in LED fill light with adjustable modes (always on, auto, strong flash, or off)</li>



<li>Wi-Fi wireless connectivity for instant image transfer</li>



<li>Beauty selfie mode for flattering portraits</li>



<li>Webcam functionality via Type-C USB interface, catering to remote work and live streaming</li>



<li>Support for TF cards up to 256GB (SDHC Class 6)</li>



<li>Rechargeable 700mAh NP-6L lithium battery for extended use and reliable performance</li>
</ul>



<h2 class=""wp-block-heading"">A Partner, Not Just a Supplier</h2>



<p class=""wp-block-paragraph"">For global brands and distributors, the DC106Y is more than a product—it is a gateway to partnership. Songdian Technology positions itself as a full-service manufacturing partner, offering end-to-end OEM and ODM services that cover everything from design customization and private labeling to packaging and logistics. With deep expertise in the digital camera supply chain and a commitment to quality control, Songdian enables partners to bring their vision to market quickly and cost-effectively.</p>



<p class=""wp-block-paragraph"">The DC106Y is backed by Songdian&#8217;s robust manufacturing infrastructure, including advanced production lines and rigorous testing protocols that ensure every unit meets the highest standards of quality and reliability. Whether you are looking to launch a new brand, expand an existing product line, or enter the rapidly growing vlog and content creation market, Songdian provides the technical expertise and manufacturing scale to make it happen.</p>



<h2 class=""wp-block-heading"">Product Highlights at a Glance</h2>




<table class=""has-fixed-layout""><tbody><tr><th>Feature</th><th>Specification</th></tr><tr><td>Design</td><td>Flip-top form factor</td></tr><tr><td>Display</td><td>2.8-inch IPS HD (480×640)</td></tr><tr><td>Image Sensor</td><td>13.0MP CMOS (AR1335), up to 96MP interpolation</td></tr><tr><td>Video Resolution</td><td>1080P, 2K, 4K, 5K, 6K, 8K</td></tr><tr><td>Lens</td><td>F/2.2, f=3.37mm, 74.7° viewing angle</td></tr><tr><td>Focus</td><td>Auto focus, 15cm to infinity</td></tr><tr><td>Zoom</td><td>16x digital zoom (5x optical equivalent)</td></tr><tr><td>Wi-Fi</td><td>Supported</td></tr><tr><td>Webcam</td><td>Supported via Type-C USB</td></tr><tr><td>Fill Light</td><td>Built-in LED (always on/auto/strong flash/off)</td></tr><tr><td>Storage</td><td>TF card slot, max 256GB (SDHC Class 6)</td></tr><tr><td>Battery</td><td>700mAh / 3.7V rechargeable (NP-6L)</td></tr><tr><td>Languages</td><td>15 languages supported</td></tr><tr><td>Accessories</td><td>User manual, USB cable, lithium battery, lanyard, lens cleaning cloth, storage bag</td></tr></tbody></table>



<h2 class=""wp-block-heading"">Availability</h2>



<p class=""wp-block-paragraph"">The DC106Y is now available for OEM and ODM orders. For partnership inquiries, please contact Songdian Technology (Guangdong) Co., Ltd. via the company&#8217;s official channels.</p>



<h2 class=""wp-block-heading"">About Songdian Technology (Guangdong) Co., Ltd.</h2>



<p class=""wp-block-paragraph"">Songdian Technology (Guangdong) Co., Ltd. is a leading manufacturer of digital imaging products, specializing in the design, development, and production of innovative digital cameras for global brands. With years of industry experience and a commitment to quality and innovation, Songdian serves as a trusted OEM/ODM partner for clients worldwide.</p>
","",2026-07-24 08:39:00+08,PUBLISHED,"'1080p':205,538 '13.0':182,528 '13mp':20 '15':604 '15cm':556 '15cm—ensuring':257 '16x':243,560 '2.8':14,139,521 '256gb':339,591 '2k':539 '3.37':547 '3.7':597 '480×640':156,525 '4k':540 '5k':541 '5x':246,563 '6':342,594 '6k':542 '6l':347,602 '700mah':344,596 '74.7':233,549 '8k':23,211,543 '96':195 '96mp':534 'a':13,55,91,98,119,137,181,214,232,251,262,356,360,372,375,384,422,477,510,659,686,695 'about':647 'accessories':607 'adjustable':294 'advanced':452 'alike':87 'all':206 'also':230 'always':296,583 'an':193,240,481 'and':22,84,96,151,164,223,250,330,353,365,396,405,410,421,437,455,469,491,500,628,671,685,690 'angle':153,237,552 'apart':124 'aperture':242 'ar1335':186,531 'are':199,473 'as':383,694 'at':106,509 'auto':282,298,554 'availability':620 'available':625 'b2b':34 'backed':444 'bag':619 'battery':349,595,613 'beauty':312 'beyond':267 'both':218 'brand':479 'brands':364,679 'bring':431 'built':288,580 'built-in':287,579 'by':180,445 'c':323,575 'cable':611 'camera':7,74,129,229,418 'cameras':676 'capabilities':46,198 'capable':187 'card':588 'cards':336 'catering':326 'chain':420 'channels':646 'china':48 'class':341,593 'cleaning':616 'clear':99,161 'clients':35,700 'cloth':617 'cmos':184,530 'co':53,639,651,656 'combined':135 'commitment':423,687 'company':643 'complete':38 'connectivity':307 'contact':635 'content':82,492 'control':426 'cost':439 'cost-effectively':438 'cover':400 'creation':493 'creative':152 'creators':83 'crisp':160 'crowded':127 'customization':42,404 'dc106y':3,26,69,89,111,177,272,368,442,622 'deep':413 'delivers':159 'demands':80 'design':95,118,403,514,669 'designed':32 'detailed':259 'development':670 'digital':60,73,128,244,417,561,663,675 'display':142,520 'distance':254 'distinctive':114 'distributors':366 'effectively':440 'effortless':285 'enables':428 'end':392,394 'end-to-end':391 'engineered':75 'enhance':278 'ensure':460 'ensuring':166 'enter':486 'equally':200 'equivalent':249,565 'every':168,461 'everyday':85 'everything':401 'evolving':79 'excellence':31 'existing':482 'expand':480 'experience':281,684 'expertise':414,499 'extended':351 'f':546 'f/2.2':241,545 'factor':134,519 'feature':120,512 'features':231,276 'featuring':12 'fi':305,568 'fill':291,577 'flash':300 'flash/off':585 'flattering':316 'flexibility':146 'flip':5,17,71,116,516 'flip-top':4,70,115,515 'flip-up':16 'focus':283,553,555 'focusing':253 'for':33,147,217,284,308,315,334,350,362,626,631,677,699 'form':133,518 'framed':172 'from':204,402 'full':386 'full-service':385 'functionality':319 'functionality—and':97 'gateway':376 'glance':511 'global':363,678 'grade':226 'growing':489 'guangdong':52,638,650,655 'happen':506 'hardware':270 'hd':524 'heart':108 'high':220 'high-quality':219 'highest':465 'highlights':508 'hood':175 'image':162,310,526 'images':190,260 'imaging':61,664 'impressive':201,269 'in':58,94,125,261,289,415,581,667 'inch':15,140,522 'including':451 'industry':62,683 'infinity':558 'infrastructure':450 'innovation':67,691 'innovative':674 'inquiries':633 'instant':309 'interface':325 'interpolated':194 'interpolation':535 'intuitive':132 'ips':141,523 'is':112,170,178,273,369,374,443,623,658 'it':36,123,213,505 'its':65,113,268 'itself':382 'just':256,359 'label':41 'labeling':407 'languages':603,605 'lanyard':614 'latest':66 'launch':476 'leading':660 'leap':93 'led':290,582 'lens':238,544,615 'light':292,578 'line':484 'lines':454 'lithium':348,612 'live':331 'logistics':411 'looking':474 'ltd':54,640,652,657 'make':504 'making':212 'manual':609 'manufacturer':57,661 'manufacturing':30,104,388,449,501 'market':130,435,494 'max':590 'meet':77 'meets':463 'megapixels':196 'minimum':252 'mm':548 'mode':314 'modes':295 'more':370 'mp':183,529 'new':478 'not':358 'now':624 'np':346,601 'np-6l':345,600 'odm':397,629 'oem':395,627 'oem/odm':10,697 'of':81,101,109,188,255,264,467,662,673,682 'off':302 'offering':390 'offers':37,143 'official':645 'on':297 'on/auto/strong':584 'optical':247,564 'or':301,485 'orders':630 'packaging':409 'packed':274 'partner':11,357,389,698 'partners':429 'partnership':378,632 'perfectly':171 'performance':355 'photography':149,222 'playback':165 'please':634 'portraits':317 'positions':381 'powered':179 'previews':163 'private':40,406 'private-label':39 'producing':189 'product':483,507 'production':45,453,672 'products':665 'product—it':373 'professional':225 'professional-grade':224 'protocols':458 'provides':496 'prowess':105 'quality':221,425,468,689 'quickly':436 'rapidly':488 'rechargeable':343,599 'reliability':470 'reliable':354 'remote':328 'represents':90 'resolution':157,537 'resolutions':203 'rigorous':456 'robust':44,448 's':29,103,447,644 'scale':502 'scenarios':266 'screen':19,158 'sdhc':340,592 'seasoned':56 'selfie':148,313 'sensor':21,185,527 'serves':693 'service':387 'services':398 'sets':122 'sharp':258 'shooting':154,265,286 'shot':169 'showcases':27 'significant':92 'slot':589 'songdian':1,28,47,50,102,379,427,446,495,636,648,653,692 'specializing':666 'specification':513 'standards':466 'statement':100 'storage':586,618 'streaming':332 'strong':299 'supplier':361 'supply':419 'support':333 'supported':569,571,606 'supporting':202 'technical':498 'technology':51,380,637,649,654 'testing':457 'tf':335,587 'than':371 'that':121,167,277,399,459 'the':25,59,68,78,88,107,110,126,155,174,176,207,228,271,279,367,416,441,464,487,497,621,642,668 'their':432 'this':131 'to':76,192,210,327,338,377,393,408,424,430,434,475,503,533,557,688 'today':63 'tool':216 'top':6,72,117,517 'transfer':311 'trusted':696 'type':322,574 'type-c':321,573 'under':173 'unit':462 'unparalleled':145 'unveiled':64 'unveils':2 'up':18,191,209,337,532 'usb':324,576,610 'use':352 'user':280,608 'users':86,144 'v':598 'variety':263 'versatile':215 'via':320,572,641 'vibrant':138 'video':24,197,536 'videography':227 'viewing':551 'vision':433 'vlog':490 'vlogging':150 'way':208 'webcam':318,570 'whether':471 'wi':304,567 'wi-fi':303,566 'wide':236 'wide-angle':235 'wireless':306 'with':43,136,239,275,293,412,680 'work':329 'worldwide':701 'years':681 'you':472 'your':9 'zoom':245,248,559,562 '°':234,550 '–':8,49",1,/uploads/news/songdian-unveils-dc106y-flip-top-camera-your-oem-odm-partner/cover.webp,0
2026-07-20 08:39:41.943198+08,2026-07-24 14:41:31.995328+08,0,,admin,7,songdian-named-2025-china-made-trusted-brand,SONGDIAN Named 2025 China Made Trusted Brand,"SONGDIAN Trusted Brand of China Manufacturing 2025 CHINA – Songdian, a leading domestic camera brand under Shenzhen Sodak Digital Technology Co., Ltd.
","
<p class=""wp-block-paragraph""><strong>CHINA</strong> – Songdian, a leading domestic camera brand under Shenzhen Sodak Digital Technology Co., Ltd., has been awarded the prestigious “Trusted Brand of China Manufacturing 2025” title. The accolade comes from a national selection activity aimed at identifying top-quality brands that have truly stood the test of the market and earned consumer confidence.</p>



<h2 class=""wp-block-heading"">A Prestigious Endorsement: Trusted Brand of China Manufacturing</h2>



<p class=""wp-block-paragraph"">The “Trusted Brand of China Manufacturing” initiative is organized by the China Industry News and co-organized by the Brand Strengthening Working Committee of the China Association of Private Science &amp; Technology Enterprises. Its evaluation system prioritizes “consumer satisfaction,” integrating big data analysis and expert review. Earning this honor serves as a powerful endorsement of Songdian&#8217;s product quality, technological innovation, and the trust it has cultivated among users.</p>



<p class=""wp-block-paragraph"">Concurrently, Mr. Zhao Kundian, founder of the Songdian brand and General Manager of Shenzhen Sodak Digital Technology, was appointed as a Council Member of the Brand Strengthening Working Committee of the same association.</p>



<h2 class=""wp-block-heading"">Built on a Foundation of Manufacturing Excellence</h2>



<p class=""wp-block-paragraph"">The award is built upon a foundation of robust manufacturing capability. Songdian operates a fully integrated industrial chain encompassing R&amp;D, manufacturing, sales, and brand operations. Its intelligent production base spans 40,000 square meters with an annual production capacity exceeding 4 million units. To master core technologies such as optical zoom, the brand has assembled expert R&amp;D teams from Japan and Taiwan, China, driving continuous improvements in key areas like lens performance, image quality, and stabilization.</p>



<p class=""wp-block-paragraph"">This vertical integration — from precision mold-making and optical lens grinding to SMT assembly, calibration, and final testing — ensures that every camera leaving the factory meets stringent quality standards. By controlling the entire production process in-house, Songdian delivers consistent performance, rapid prototyping, and flexible customization for global partners, reinforcing its reputation as a reliable manufacturing powerhouse.</p>



<h2 class=""wp-block-heading"">Market Leadership and Consumer Trust</h2>



<p class=""wp-block-paragraph"">Market performance provides the most tangible proof of consumer trust. During the recent Double 11 shopping festival, several Songdian camera models were top sellers, celebrated for their stylish design, high cost-performance ratio, and user-friendly operation. On major e-commerce platforms, Songdian consistently ranks at the top among domestic camera brands in sales, having secured titles like “No.1 in Domestic Digital Camera Brand &amp; Store Sales Rankings.”</p>



<p class=""wp-block-paragraph"">This latest recognition as a “Trusted Brand” further solidifies Songdian&#8217;s commitment to its users. The brand stated that it remains dedicated to driving quality upgrades through technological innovation, with the mission of delivering reliable, high-performance, and accessible cameras made in China for consumers worldwide.</p>



<p class=""wp-block-paragraph"">From being a synonym for domestic cameras to becoming a certified trusted brand, Songdian&#8217;s journey reflects the evolving strength and credibility of China&#8217;s manufacturing sector on the global stage.</p>



<h2 class=""wp-block-heading"">About SONGDIAN Technology (Guangdong) Co., Ltd.</h2>



<p class=""wp-block-paragraph"">SONGDIAN (Shenzhen Suoda Digital Technology Co., Ltd.) is a professional digital camera manufacturer founded in 2010 and headquartered in Foshan, Guangdong. With a 40,000㎡ smart manufacturing base, annual capacity of over 10 million units, and a fully integrated supply chain — including in-house lens grinding, mold making, SMT, and optical calibration — the company serves clients across more than 30 countries. Backed by over 500 national patents and ISO-certified quality systems, SONGDIAN continues to invest in R&amp;D and vertical integration, striving to be the preferred manufacturing partner for quality-driven imaging brands worldwide.</p>



<p class=""wp-block-paragraph"">&nbsp;</p>
","",2026-07-20 08:39:41.943213+08,PUBLISHED,"'000':235 '000㎡':527 '1':409 '10':535 '11':361 '2010':518 '2025':3,14 '2025”':55 '30':565 '4':244 '40':234,526 '500':570 'a':18,33,61,85,145,183,198,208,216,338,423,468,475,511,525,539 'about':497 'accessible':458 'accolade':58 'across':562 'activity':64 'aimed':65 'among':161,398 'an':239 'analysis':136 'and':81,107,137,155,172,226,265,279,290,298,328,344,381,457,486,519,538,554,573,586 'annual':240,531 'appointed':181 'areas':273 'as':144,182,252,337,422 'assembled':258 'assembly':296 'association':120,195 'at':66,395 'award':204 'awarded':47 'backed':567 'base':232,530 'be':591 'becoming':474 'been':46 'being':467 'big':134 'brand':7,10,22,37,51,89,95,113,171,188,227,256,414,435,478 'brands':71,401,601 'brand”':425 'built':196,206 'by':102,111,313,568 'calibration':297,556 'camera':21,36,305,366,400,413,514 'cameras':459,472 'capability':213 'capacity':242,532 'celebrated':371 'certified':476,576 'chain':220,543 'china':4,12,15,30,53,91,97,104,119,267,462,489 'clients':561 'co':28,43,109,501,508 'co-organized':108 'comes':59 'commerce':390 'commitment':430 'committee':116,191 'company':559 'concurrently':163 'confidence':84 'consistent':324 'consistently':393 'consumer':83,345,355 'consumers':464 'continues':580 'continuous':269 'controlling':314 'core':249 'cost':378 'cost-performance':377 'council':184 'countries':566 'credibility':487 'cultivated':160 'customization':330 'd':223,261,585 'data':135 'dedicated':440 'delivering':452 'delivers':323 'design':375 'digital':26,41,178,412,506,513 'domestic':20,35,399,411,471 'double':360 'driven':599 'driving':268,442 'during':357 'e':389 'e-commerce':388 'earned':82 'earning':140 'encompassing':221 'endorsement':87,147 'ensures':302 'enterprises':125 'entire':316 'evaluation':127 'every':304 'evolving':484 'exceeding':243 'excellence':202 'expert':138,259 'factory':308 'festival':363 'final':299 'flexible':329 'for':331,372,463,470,596 'foshan':522 'foundation':199,209 'founded':516 'founder':167 'friendly':384 'from':60,263,285,466 'fully':217,540 'further':426 'general':173 'global':332,495 'grinding':293,550 'guangdong':500,523 'has':45,159,257 'have':73 'having':404 'headquartered':520 'high':376,455 'high-performance':454 'honor':142 'house':321,548 'identifying':67 'image':277 'imaging':600 'improvements':270 'in':271,320,402,410,461,517,521,547,583 'in-house':319,546 'including':545 'industrial':219 'industry':105 'initiative':99 'innovation':154,447 'integrated':218,541 'integrating':133 'integration':283,588 'intelligent':230 'invest':582 'is':100,205,510 'iso':575 'iso-certified':574 'it':158,438 'its':126,229,335,432 'japan':264 'journey':481 'key':272 'kundian':166 'latest':420 'leadership':343 'leading':19,34 'leaving':306 'lens':275,292,549 'like':274,407 'ltd':29,44,502,509 'made':5,460 'major':387 'making':289,552 'manager':174 'manufacturer':515 'manufacturing':13,54,92,201,212,224,340,491,529,594 'manufacturing”':98 'market':80,342,347 'master':248 'meets':309 'member':185 'meters':237 'million':245,536 'mission':450 'models':367 'mold':288,551 'mold-making':287 'more':563 'most':351 'mr':164 'named':2 'national':62,571 'news':106 'of':11,52,78,90,96,117,121,148,168,175,186,192,200,210,354,451,488,533 'on':197,386,493 'operates':215 'operation':385 'operations':228 'optical':253,291,555 'organized':101,110 'over':534,569 'partner':595 'partners':333 'patents':572 'performance':276,325,348,379,456 'platforms':391 'powerful':146 'powerhouse':341 'precision':286 'preferred':593 'prestigious':49,86 'prioritizes':129 'private':122 'process':318 'product':151 'production':231,241,317 'professional':512 'proof':353 'prototyping':327 'provides':349 'quality':70,152,278,311,443,577,598 'quality-driven':597 'r':222,260,584 'rankings':417 'ranks':394 'rapid':326 'ratio':380 'recent':359 'recognition':421 'reflects':482 'reinforcing':334 'reliable':339,453 'remains':439 'reputation':336 'review':139 'robust':211 's':150,429,480,490 'sales':225,403,416 'same':194 'satisfaction':131 'science':123 'sector':492 'secured':405 'selection':63 'sellers':370 'serves':143,560 'several':364 'shenzhen':24,39,176,504 'shopping':362 'smart':528 'smt':295,553 'sodak':25,40,177 'solidifies':427 'songdian':1,8,17,32,149,170,214,322,365,392,428,479,498,503,579 'spans':233 'square':236 'stabilization':280 'stage':496 'standards':312 'stated':436 'stood':75 'store':415 'strength':485 'strengthening':114,189 'stringent':310 'striving':589 'stylish':374 'such':251 'suoda':505 'supply':542 'synonym':469 'system':128 'systems':578 'taiwan':266 'tangible':352 'teams':262 'technological':153,446 'technologies':250 'technology':27,42,124,179,499,507 'test':77 'testing':300 'than':564 'that':72,303,437 'the':48,57,76,79,93,103,112,118,156,169,187,193,203,255,307,315,350,358,396,434,449,483,494,558,592 'their':373 'this':141,281,419 'through':445 'title':56 'titles':406 'to':247,294,431,441,473,581,590 'top':69,369,397 'top-quality':68 'truly':74 'trust':157,346,356 'trusted':6,9,88,477 'under':23,38 'units':246,537 'upgrades':444 'upon':207 'user':383 'user-friendly':382 'users':162,433 'vertical':282,587 'was':180 'were':368 'with':238,448,524 'working':115,190 'worldwide':465,602 'zhao':165 'zoom':254 '–':16,31 '—':284,301,544,557 '“consumer':130 '“no':408 '“trusted':50,94,424 '”':132,418",1,/uploads/news/songdian-named-2025-china-made-trusted-brand/cover.webp,4
2026-07-20 08:39:41.938531+08,2026-07-24 14:41:31.99549+08,0,,admin,6,songdian-awarded-brand-value-certificate-at-2026-boao-global-competitiveness-summit,SONGDIAN Awarded Brand Value Certificate at 2026 Boao Global Competitiveness Summit,"Songdian Camera has been appointed as the official &#8220;Designated Brand&#8221; and awarded a Brand Value Evaluation Certificate at the 2026 Boao Global Competitiveness Enterprise Summit (April 24–26, Hainan). The recognition highlights the brand’s strength and rising global competitiveness as a leading Chinese imaging player.
","
<p class=""wp-block-paragraph""><strong>BOAO, China</strong> – From April 24 to 26, 2026, the Boao Global Competitiveness Enterprise Summit, themed &#8220;Exploring New Channels for Globalization&#8221;, was held at the Boao State Guesthouse in Hainan. SONGDIAN Camera was invited to attend and was officially named the &#8220;Designated Brand&#8221; of the event. At the summit, SONGDIAN received the Brand Value Evaluation Certificate, once again demonstrating the strength and global potential of Chinese imaging brands to the world.</p>



<p class=""wp-block-paragraph"">Behind this brand recognition lies a solid manufacturing foundation. SONGDIAN operates a 40,000-square-meter smart manufacturing base equipped with fully automated SMT assembly lines, precision optical lens grinding and coating facilities, and a Class 100,000 dust-free workshop. With an annual production capacity exceeding 10 million units, the company has full vertical integration — from mold making and injection molding to PCB assembly, optical calibration, and final quality testing — all performed in-house. This end-to-end control ensures consistent product quality, rapid prototyping, and flexible customization for global OEM/ODM partners.</p>



<h2 class=""wp-block-heading"">Authoritative Ranking: Among the Top 500 in Global Competitiveness</h2>



<p class=""wp-block-paragraph"">As a benchmark for Chinese brands going global, SONGDIAN&#8217;s brand value has long been recognized by authoritative institutions. In January this year, SONGDIAN was listed alongside industry leaders such as Huawei, Tencent, BYD, Midea, DJI, and Gree in the &#8220;2025 Guangdong Brands Global Competitiveness Top 500&#8221; released by the Guangdong Provincial Enterprise Brand Construction Promotion Association.</p>



<p class=""wp-block-paragraph"">The evaluation system, jointly developed by multiple authoritative institutions and renowned universities, covers five core dimensions: technological innovation, brand value, global presence, market performance, and sustainable development. SONGDIAN&#8217;s inclusion marks that its comprehensive competitiveness has entered the first echelon of Guangdong brands.</p>



<p class=""wp-block-paragraph"">At this Boao Summit, SONGDIAN was once again awarded the Brand Value Evaluation Certificate. The Brand Evaluation Diagnosis Report issued alongside the certificate objectively presents the enterprise&#8217;s value achievements and accurately identifies weak links in brand building through problem-oriented analysis, providing strategic guidance for SONGDIAN&#8217;s high-quality, sustainable development.</p>



<h2 class=""wp-block-heading"">Global Layout: Building Core Competitiveness through Brand Internationalization</h2>



<p class=""wp-block-paragraph"">Rooted in the domestic market while looking at the world, SONGDIAN has accelerated the construction of a development pattern of &#8220;comprehensive domestic coverage and global expansion&#8221; in recent years.</p>



<ul class=""wp-block-list"">
<li><strong>Domestic Market:</strong> Deeply cultivating mainstream e-commerce platforms (Tmall, Taobao, <a href=""http://JD.com"" target=""_blank"">JD.com</a>, Pinduoduo, Douyin) and offline physical channels (JD Home stores and authorized agent networks), forming an integrated online-offline full-domain sales network.</li>



<li><strong>Overseas Market:</strong> Relying on cross-border e-commerce giants and localized distribution channels, the brand&#8217;s agent network covers more than 30 countries and regions worldwide, with a presence on platforms including Amazon, eBay, Walmart, Mercado Libre, TikTok Shop, and Temu.</li>
</ul>



<p class=""wp-block-paragraph"">SONGDIAN continues to lower the threshold for professional imaging, promote the popularization of imaging technology and consumer upgrading, actively support Chinese imaging brands in going global, and strive to become a core competitor in the global imaging ecosystem.</p>



<p class=""wp-block-paragraph"">At the summit venue, SONGDIAN specially planned the &#8220;Speak for Domestic Brands, Cheer for SONGDIAN&#8221; interactive session, inviting 50 industry guests to participate in video shooting. This highly engaging form of communication deeply connected with guests, conveying the warmth and strength of domestic brands.</p>



<p class=""wp-block-paragraph"">With its robust manufacturing capabilities, extensive global distribution network, and continuous investment in R&amp;D, SONGDIAN is well-positioned to meet the growing demand for high-quality, affordable imaging solutions worldwide. The company&#8217;s factory-first philosophy ensures that every product shipped reflects the highest standards of engineering excellence and reliability — a promise that has earned the trust of partners across more than 30 countries.</p>



<h2 class=""wp-block-heading"">About SONGDIAN Technology (Guangdong) Co., Ltd.</h2>



<p class=""wp-block-paragraph"">Founded in 2010 and headquartered in Foshan, Guangdong, SONGDIAN is a professional digital camera manufacturer dedicated to the research, development, production, and global distribution of consumer imaging electronics. With a 40,000㎡ smart factory, annual capacity of 10 million units, over 500 national patents, and ISO-certified quality management systems, the company serves clients across North America, Europe, Southeast Asia, and the Middle East. SONGDIAN continues to invest in next-generation imaging technologies and vertical integration, striving to be the preferred manufacturing partner for quality-driven camera brands worldwide.</p>



<p class=""wp-block-paragraph"">&nbsp;</p>
","",2026-07-20 08:39:41.938545+08,PUBLISHED,"'000':140,165 '000㎡':693 '10':176,699 '100':164 '2010':664 '2025':275 '2026':7,31,64 '24':61 '24–26':38 '26':63 '30':485,654 '40':139,692 '50':561 '500':231,281,703 'a':24,51,132,138,162,236,413,491,535,642,672,691 'about':656 'accelerated':409 'accurately':366 'achievements':364 'across':651,717 'actively':523 'affordable':616 'again':113,342 'agent':449,480 'all':202 'alongside':261,355 'amazon':496 'america':719 'among':228 'an':171,452 'analysis':377 'and':22,46,92,117,158,161,189,197,219,271,301,316,365,420,440,447,473,487,503,520,531,582,596,639,665,683,706,723,737 'annual':172,696 'appointed':16 'april':37,60 'as':17,50,235,265 'asia':722 'assembly':152,194 'association':291 'at':6,29,79,102,335,404,543 'attend':91 'authoritative':226,252,299 'authorized':448 'automated':150 'awarded':2,23,343 'base':146 'be':742 'become':534 'been':15,249 'behind':127 'benchmark':237 'boao':8,32,56,66,81,337 'border':468 'brand':3,21,25,98,108,129,245,288,310,345,350,371,395,478 'brands':123,240,277,334,527,554,586,752 'brand’s':44 'building':372,391 'by':251,283,297 'byd':268 'calibration':196 'camera':13,87,675,751 'capabilities':591 'capacity':174,697 'certificate':5,28,111,348,357 'certified':709 'channels':74,443,476 'cheer':555 'china':57 'chinese':53,121,239,525 'class':163 'clients':716 'co':660 'coating':159 'commerce':433,471 'communication':574 'company':180,621,714 'competitiveness':10,34,49,68,234,279,326,393 'competitor':537 'comprehensive':325,417 'connected':576 'consistent':214 'construction':289,411 'consumer':521,687 'continues':506,728 'continuous':597 'control':212 'conveying':579 'core':306,392,536 'countries':486,655 'coverage':419 'covers':304,482 'cross':467 'cross-border':466 'cultivating':429 'customization':221 'd':601 'dedicated':677 'deeply':428,575 'demand':611 'demonstrating':114 'designated':20,97 'developed':296 'development':318,388,414,681 'diagnosis':352 'digital':674 'dimensions':307 'distribution':475,594,685 'dji':270 'domain':459 'domestic':400,418,426,553,585 'douyin':439 'driven':750 'dust':167 'dust-free':166 'e':432,470 'e-commerce':431,469 'earned':646 'east':726 'ebay':497 'echelon':331 'ecosystem':542 'electronics':689 'end':209,211 'end-to-end':208 'engaging':571 'engineering':637 'ensures':213,627 'entered':328 'enterprise':35,69,287,361 'equipped':147 'europe':720 'evaluation':27,110,293,347,351 'event':101 'every':629 'exceeding':175 'excellence':638 'expansion':422 'exploring':72 'extensive':592 'facilities':160 'factory':624,695 'factory-first':623 'final':198 'first':330,625 'five':305 'flexible':220 'for':75,222,238,381,511,552,556,612,747 'form':572 'forming':451 'foshan':668 'foundation':135 'founded':662 'free':168 'from':59,186 'full':182,458 'full-domain':457 'fully':149 'generation':734 'giants':472 'global':9,33,48,67,118,223,233,242,278,312,389,421,530,540,593,684 'globalization':76 'going':241,529 'gree':272 'grinding':157 'growing':610 'guangdong':276,285,333,659,669 'guesthouse':83 'guests':563,578 'guidance':380 'hainan':39,85 'has':14,181,247,327,408,645 'headquartered':666 'held':78 'high':385,614 'high-quality':384,613 'highest':634 'highlights':42 'highly':570 'home':445 'house':206 'huawei':266 'identifies':367 'imaging':54,122,513,518,526,541,617,688,735 'in':84,205,232,254,273,370,398,423,528,538,566,599,663,667,731 'in-house':204 'including':495 'inclusion':321 'industry':262,562 'injection':190 'innovation':309 'institutions':253,300 'integrated':453 'integration':184,739 'interactive':558 'internationalization':396 'invest':730 'investment':598 'invited':89 'inviting':560 'is':603,671 'iso':708 'iso-certified':707 'issued':354 'its':324,588 'january':255 'jd':444 'jd.com':437 'jointly':295 'layout':390 'leaders':263 'leading':52 'lens':156 'libre':500 'lies':131 'lines':153 'links':369 'listed':260 'localized':474 'long':248 'looking':403 'lower':508 'ltd':661 'mainstream':430 'making':188 'management':711 'manufacturer':676 'manufacturing':134,145,590,745 'market':314,401,427,463 'marks':322 'meet':608 'mercado':499 'meter':143 'middle':725 'midea':269 'million':177,700 'mold':187 'molding':191 'more':483,652 'multiple':298 'named':95 'national':704 'network':461,481,595 'networks':450 'new':73 'next':733 'next-generation':732 'north':718 'objectively':358 'oem/odm':224 'of':99,120,332,412,416,517,573,584,636,649,686,698 'official':19 'officially':94 'offline':441,456 'on':465,493 'once':112,341 'online':455 'online-offline':454 'operates':137 'optical':155,195 'oriented':376 'over':702 'overseas':462 'participate':565 'partner':746 'partners':225,650 'patents':705 'pattern':415 'pcb':193 'performance':315 'performed':203 'philosophy':626 'physical':442 'pinduoduo':438 'planned':549 'platforms':434,494 'player':55 'popularization':516 'positioned':606 'potential':119 'precision':154 'preferred':744 'presence':313,492 'presents':359 'problem':375 'problem-oriented':374 'product':215,630 'production':173,682 'professional':512,673 'promise':643 'promote':514 'promotion':290 'prototyping':218 'providing':378 'provincial':286 'quality':199,216,386,615,710,749 'quality-driven':748 'r':600 'ranking':227 'rapid':217 'received':106 'recent':424 'recognition':41,130 'recognized':250 'reflects':632 'regions':488 'released':282 'reliability':640 'relying':464 'renowned':302 'report':353 'research':680 'rising':47 'robust':589 'rooted':397 's':244,320,362,383,479,622 'sales':460 'serves':715 'session':559 'shipped':631 'shooting':568 'shop':502 'smart':144,694 'smt':151 'solid':133 'solutions':618 'songdian':1,12,86,105,136,243,258,319,339,382,407,505,547,557,602,657,670,727 'southeast':721 'speak':551 'specially':548 'square':142 'square-meter':141 'standards':635 'state':82 'stores':446 'strategic':379 'strength':45,116,583 'strive':532 'striving':740 'such':264 'summit':11,36,70,104,338,545 'support':524 'sustainable':317,387 'system':294 'systems':712 'taobao':436 'technological':308 'technologies':736 'technology':519,658 'temu':504 'tencent':267 'testing':200 'than':484,653 'that':323,628,644 'the':18,30,40,43,65,80,96,100,103,107,115,125,179,229,274,284,292,329,344,349,356,360,399,405,410,477,509,515,539,544,550,580,609,620,633,647,679,713,724,743 'themed':71 'this':128,207,256,336,569 'threshold':510 'through':373,394 'tiktok':501 'tmall':435 'to':62,90,124,192,210,507,533,564,607,678,729,741 'top':230,280 'trust':648 'units':178,701 'universities':303 'upgrading':522 'value':4,26,109,246,311,346,363 'venue':546 'vertical':183,738 'video':567 'walmart':498 'warmth':581 'was':77,88,93,259,340 'weak':368 'well':605 'well-positioned':604 'while':402 'with':148,170,490,577,587,690 'workshop':169 'world':126,406 'worldwide':489,619,753 'year':257 'years':425 '–':58 '—':185,201,641",1,/uploads/news/songdian-awarded-brand-value-certificate-at-2026-boao-global-competitiveness-summit/cover.png,5
2026-07-20 08:39:41.928632+08,2026-07-24 14:41:32.033242+08,0,,admin,4,songdian-manufacturing-unveils-the-dc325w-an-8k-imaging-powerhouse-built-on-advanced-engineering-and-local-supply-chain-excellence,SONGDIAN Manufacturing Unveils the DC325W: An 8K Imaging Powerhouse Built on Advanced Engineering and Local Supply Chain Excellence,"SONGDIAN Technology (Guangdong) Co., Ltd. announces mass production of its DC325W camera, featuring a dual-core RISC-V CPU, 21MP CMOS sensor, 8K video, and 96MP photo interpolation. With vertical integration, strict QC, flexible customization, and a local supply chain, it offers a turnkey solution for global brands, distributors, and volume buyers.
","
<p class=""wp-block-paragraph""><strong>CHINA</strong> – SONGDIAN Technology (Guangdong) Co., Ltd., a premier Chinese manufacturer of digital imaging devices established in 2010, today announced the official launch of its new-generation digital camera model, the DC325W. This product represents the culmination of the company&#8217;s deep manufacturing expertise, vertical integration capabilities, and unwavering commitment to providing global B2B clients with reliable, feature-rich, and cost-effective imaging hardware.</p>



<h2 class=""wp-block-heading"">In-House R&amp;D and Core Chipset Architecture</h2>



<p class=""wp-block-paragraph"">At the heart of the DC325W lies a dual-core RISC-V CPU system, independently optimized by SONGDIAN&#8217;s R&amp;D team. This architecture achieves an ultra-fast color processing speed of up to 480 million pixels per second, ensuring minimal shutter lag and stable system performance even under demanding 8K data throughput. By adopting the open RISC-V ecosystem, we have gained greater control over firmware optimization and supply chain stability — a critical advantage for our OEM clients requiring long-term product lifecycle support.</p>



<p class=""wp-block-paragraph"">The camera employs a 21-megapixel front CMOS sensor (1/2.4-inch) paired with a precision-engineered lens assembly (actual: Ff=1.79±0.5%, f=4.694mm). This optical module undergoes strict factory calibration to guarantee consistent image quality across all production batches, with a focusing range from 18cm to infinity.</p>



<h2 class=""wp-block-heading"">Precision Manufacturing and Quality Assurance</h2>



<p class=""wp-block-paragraph"">Our advanced SMT (Surface-Mount Technology) assembly lines and fully enclosed dust-free workshops ensure the highest standards of PCB board integration and optical alignment. Each DC325W unit is subjected to a multi-stage aging test and functional validation process, covering:</p>



<ul class=""wp-block-list"">
<li>Shutter accuracy validation (1/10s – 1/2650s range)</li>



<li>ISO sensitivity linearity testing (ISO 100–6400)</li>



<li>White balance calibration under multiple color temperature scenarios</li>



<li>LED flash output consistency testing</li>



<li>Wi-Fi module (2.4GHz, 802.11 b/g/n) signal stability verification</li>
</ul>



<p class=""wp-block-paragraph"">This comprehensive QC protocol guarantees a low field failure rate and consistent performance, which is essential for our partners operating in diverse retail and distribution markets worldwide.</p>



<h2 class=""wp-block-heading"">Flexible Configuration and Customization for Global Partners</h2>



<p class=""wp-block-paragraph"">Understanding that different markets and brands demand distinct product positioning, SONGDIAN offers extensive customization options for the DC325W, including:</p>



<ul class=""wp-block-list"">
<li><strong>Firmware-level customization:</strong> Pre-set default shooting modes, language packs (supporting 10 languages including English, Spanish, French, Japanese, etc.), and UI interface adjustments.</li>



<li><strong>Packaging and accessory tailoring:</strong> Custom box designs, bundling options, and user manual branding.</li>



<li><strong>Software integration:</strong> Support for PC webcam functionality and Wi-Fi connectivity protocols, allowing partners to develop companion apps.</li>
</ul>



<p class=""wp-block-paragraph"">The DC325W comes equipped with a 512MB DDR2 cache and supports TF card expansion up to 1TB (SDHC Class 6), ensuring ample buffer and storage for high-bitrate 8K/15FPS and 5K/30FPS video recording. The dual-screen solution (1.54-inch front TFT + 2.8-inch rear IPS) is designed with the vlogging and selfie market segment in mind, offering ready-to-market differentiation for our clients&#8217; product lines.</p>



<h2 class=""wp-block-heading"">Supply Chain Reliability and Cost Efficiency</h2>



<p class=""wp-block-paragraph"">SONGDIAN adopts a fully localized supply chain strategy. All core components — including CMOS image sensors, precision optical lens assemblies, DDR2 memory chips, and high-capacity lithium batteries — are sourced from certified domestic Tier-1 suppliers. This localization approach delivers three critical advantages to our global partners:</p>



<ul class=""wp-block-list"">
<li><strong>Supply chain resilience</strong> – Complete independence from cross-border shipping volatility, tariff uncertainties, and overseas component shortages. Our production lines are never held hostage by international logistics disruptions.</li>



<li><strong>Ultra-short lead times</strong> – With domestic suppliers, we can replenish inventory and ramp up production swiftly. Standard bulk orders can typically be fulfilled within 15–20 days from order confirmation.</li>



<li><strong>On-site quality traceability</strong> – Our factory quality engineers conduct regular on-site audits at supplier facilities, ensuring that every incoming component batch meets SONGDIAN&#8217;s strict AQL (Acceptable Quality Level) standards before it enters our SMT assembly lines. This upstream quality control drastically reduces incoming inspection rejection rates and ensures consistent final product output.</li>
</ul>



<p class=""wp-block-paragraph"">Furthermore, this localization enables rapid engineering iteration. If a client requests firmware or hardware adjustments, our R&amp;D team can coordinate closely with domestic suppliers to accelerate the customization cycle, significantly faster than competitors relying on imported parts. All of these benefits translate directly to cost advantages, shorter time-to-market, and greater supply peace of mind for our B2B clients.</p>



<h2 class=""wp-block-heading"">Specifications Tailored for the Global Volume Market</h2>



<p class=""wp-block-paragraph"">The DC325W supports 8 distinct shooting modes (Auto, Portrait, Landscape, Night Scene, Filter, Scene, Slow Motion, Video), 60 built-in color filters, and 7 selectable aspect ratios (4:3, 3:2, 16:9, 2.35:1, 1:1, 5:4, 4:5). With 8x digital zoom and HDR imaging support, this model covers the most sought-after consumer features while maintaining manufacturability and component commonality — a key consideration for large-scale production.</p>



<p class=""wp-block-paragraph"">Other key specifications include:</p>




<table class=""has-fixed-layout""><tbody><tr><th>Parameter</th><th>Specification</th></tr><tr><td>Image resolutions</td><td>96M (13056×7344) down to 12M (4096×3072)</td></tr><tr><td>Video resolutions</td><td>8K/15FPS, 5K/30FPS, 4K/30FPS, 2.7K/60FPS, FHD/60FPS, HD/60FPS, etc.</td></tr><tr><td>ISO range</td><td>100 – 6400</td></tr><tr><td>Shutter speed</td><td>1/10s – 1/2650s</td></tr><tr><td>Exposure compensation</td><td>±3.0EV</td></tr><tr><td>Self-timer</td><td>Off / 3s / 5s / 10s</td></tr><tr><td>Burst mode</td><td>Off / 3 / 5 / 10 continuous shots</td></tr><tr><td>File formats</td><td>JPG (photo), MP4/H.264 (video)</td></tr><tr><td>Output</td><td>USB Type-C</td></tr><tr><td>Battery</td><td>1050mAh, 3.7V lithium rechargeable</td></tr><tr><td>Battery life</td><td>4K video ≤85 min, photo ≤100 min (under testing)</td></tr><tr><td>Dimensions</td><td>102×63×24mm</td></tr><tr><td>Net weight</td><td>123g (including battery)</td></tr></tbody></table>



<h2 class=""wp-block-heading"">Partnership and OEM/ODM Services</h2>



<p class=""wp-block-paragraph"">SONGDIAN welcomes inquiries from international distributors, retail brands, and e-commerce sellers. We offer comprehensive OEM/ODM services ranging from product co-development and mold customization to private-label packaging and after-sales technical support. Our engineering team is available for on-site and remote collaboration to tailor the DC325W to your specific market requirements.</p>



<p class=""wp-block-paragraph"">For wholesale pricing, sample requests, and customization consultations, please contact our global sales department directly.</p>



<p class=""wp-block-paragraph""><strong>Standard Package Includes:</strong><br>
  User manual ×1, USB Type-C cable ×1, Rechargeable lithium battery ×1, Wrist strap ×1, Storage bag ×1, Lens cleaning cloth ×1</p>



<p class=""wp-block-paragraph""><strong>Carton Specifications:</strong><br>
  465×265×455mm, 50 units per carton, approx. 18kg per carton</p>



<h2 class=""wp-block-heading"">About SONGDIAN Technology (Guangdong) Co., Ltd.</h2>



<p class=""wp-block-paragraph"">Founded in 2010 and headquartered in China, SONGDIAN is a professional digital camera manufacturer dedicated to the research, development, production, and global distribution of consumer imaging electronics. With advanced assembly and testing facilities, the company has served clients across North America, Europe, Southeast Asia, and the Middle East. SONGDIAN continues to invest in next-generation imaging technologies, striving to be the preferred manufacturing partner for quality-driven camera brands worldwide.</p>



<p class=""wp-block-paragraph""><br>
</p>
","",2026-07-20 08:39:41.928649+08,PUBLISHED,"'-1':596 '1':830,831,832 '1.54':524 '1.79':260 '1/10s':341,901 '1/2.4-inch':249 '1/2650s':343,903 '10':441,919 '100':896 '100–6400':350 '102×63×24mm':951 '1050mah':934 '10s':913 '123g':954 '12m':882 '13056×7344':879 '15–20':664 '16':827 '18cm':286 '18kg':1069 '1tb':501 '2':826 '2.35':829 '2.4':368 '2.7':889 '2.8':528 '2010':90,1080 '21':244 '21mp':40 '3':824,825,917 '3.7':935 '3s':911 '4':823,834,835 '4.694':263 '4096×3072':883 '465×265×455mm':1063 '480':186 '4k':941 '4k/30fps':888 '5':833,836,918 '50':1064 '512mb':491 '5k/30fps':516,887 '5s':912 '6':504 '60':812 '6400':898 '7':819 '8':798 '802.11':370 '8k':7,43,202 '8k/15fps':514,886 '8x':838 '9':828 '96m':878 '96mp':46 'a':32,57,63,80,156,226,243,252,282,327,380,490,562,734,862,1087 'about':1072 'accelerate':752 'acceptable':699 'accessory':455 'accuracy':339 'achieves':175 'across':277,1116 'actual':258 'adjustments':452,740 'adopting':206 'adopts':561 'advanced':12,295,1106 'advantage':228 'advantages':604,772 'after':852,995 'after-sales':994 'aging':331 'alignment':320 'all':278,568,764 'allowing':479 'america':1118 'ample':506 'an':6,176 'and':14,45,56,70,121,134,145,195,221,291,303,318,333,385,398,404,413,449,454,462,473,494,508,515,537,557,583,623,651,720,778,818,841,858,958,969,985,993,1008,1025,1081,1098,1108,1122 'announced':92 'announces':24 'approach':600 'approx':1068 'apps':484 'aql':698 'architecture':148,174 'are':590,630 'asia':1121 'aspect':821 'assemblies':579 'assembly':257,301,708,1107 'assurance':293 'at':149,685 'audits':684 'auto':802 'available':1003 'b/g/n':371 'b2b':127,786 'bag':1055 'balance':352 'batch':693 'batches':280 'batteries':588 'battery':933,939,956,1049 'be':661,1138 'before':703 'benefits':767 'bitrate':513 'board':316 'border':618 'box':458 'branding':465 'brands':68,414,968,1148 'buffer':507 'built':10,814 'built-in':813 'bulk':657 'bundling':460 'burst':914 'buyers':72 'by':167,205,634 'c':932,1044 'cable':1045 'cache':493 'calibration':271,353 'camera':30,102,241,1090,1147 'can':648,659,745 'capabilities':120 'capacity':586 'card':497 'carton':1061,1067,1071 'certified':593 'chain':17,60,223,555,566,610 'china':73,1084 'chinese':82 'chips':582 'chipset':147 'class':503 'cleaning':1058 'client':735 'clients':128,232,551,787,1115 'closely':747 'cloth':1059 'cmos':41,247,573 'co':22,78,983,1076 'co-development':982 'collaboration':1010 'color':180,356,816 'comes':487 'commerce':972 'commitment':123 'commonality':860 'companion':483 'company':113,1112 'compensation':905 'competitors':759 'complete':613 'component':625,692,859 'components':570 'comprehensive':376,976 'conduct':679 'configuration':403 'confirmation':668 'connectivity':477 'consideration':864 'consistency':362 'consistent':274,386,722 'consultations':1027 'consumer':853,1102 'contact':1029 'continues':1127 'continuous':920 'control':217,713 'coordinate':746 'core':35,146,159,569 'cost':136,558,771 'cost-effective':135 'covering':337 'covers':847 'cpu':39,163 'critical':227,603 'cross':617 'cross-border':616 'culmination':110 'custom':457 'customization':55,405,422,431,754,987,1026 'cycle':755 'd':144,171,743 'data':203 'days':665 'dc325w':5,29,105,154,322,426,486,796,1014 'ddr2':492,580 'dedicated':1092 'deep':115 'default':435 'delivers':601 'demand':415 'demanding':201 'department':1033 'designed':533 'designs':459 'develop':482 'development':984,1096 'devices':87 'different':411 'differentiation':548 'digital':85,101,839,1089 'dimensions':950 'directly':769,1034 'disruptions':637 'distinct':416,799 'distribution':399,1100 'distributors':69,966 'diverse':396 'domestic':594,645,749 'down':880 'drastically':714 'driven':1146 'dual':34,158,521 'dual-core':33,157 'dual-screen':520 'dust':307 'dust-free':306 'e':971 'e-commerce':970 'each':321 'east':1125 'ecosystem':212 'effective':137 'efficiency':559 'electronics':1104 'employs':242 'enables':729 'enclosed':305 'engineered':255 'engineering':13,731,1000 'engineers':678 'english':444 'ensure':310 'ensures':721 'ensuring':191,505,688 'enters':705 'equipped':488 'essential':390 'established':88 'etc':448,893 'europe':1119 'even':199 'every':690 'excellence':18 'expansion':498 'expertise':117 'exposure':904 'extensive':421 'f':262 'facilities':687,1110 'factory':270,676 'failure':383 'fast':179 'faster':757 'feature':132 'feature-rich':131 'features':854 'featuring':31 'ff':259 'fhd/60fps':891 'fi':366,476 'field':382 'file':922 'filter':807 'filters':817 'final':723 'firmware':219,429,737 'firmware-level':428 'flash':360 'flexible':54,402 'focusing':283 'for':66,229,391,406,424,469,510,549,784,790,865,1004,1020,1143 'formats':923 'founded':1078 'free':308 'french':446 'from':285,592,615,666,964,980 'front':246,526 'fulfilled':662 'fully':304,563 'functional':334 'functionality':472 'furthermore':726 'gained':215 'generation':100,1133 'ghz':369 'global':67,126,407,607,792,1031,1099 'greater':216,779 'guangdong':21,77,1075 'guarantee':273 'guarantees':379 'hardware':139,739 'has':1113 'have':214 'hd/60fps':892 'hdr':842 'headquartered':1082 'heart':151 'held':632 'high':512,585 'high-bitrate':511 'high-capacity':584 'highest':312 'hostage':633 'house':142 'if':733 'image':275,574,876 'imaging':8,86,138,843,1103,1134 'imported':762 'in':89,141,395,541,815,1079,1083,1130 'in-house':140 'inch':525,529 'include':873 'includes':1037 'including':427,443,572,955 'incoming':691,716 'independence':614 'independently':165 'infinity':288 'inquiries':963 'inspection':717 'integration':51,119,317,467 'interface':451 'international':635,965 'interpolation':48 'inventory':650 'invest':1129 'ips':531 'is':324,389,532,1002,1086 'iso':345,349,894 'it':61,704 'iteration':732 'its':28,97 'japanese':447 'jpg':924 'k/60fps':890 'key':863,871 'label':991 'lag':194 'landscape':804 'language':438 'languages':442 'large':867 'large-scale':866 'launch':95 'lead':641 'led':359 'lens':256,578,1057 'level':430,701 'lies':155 'life':940 'lifecycle':238 'linearity':347 'lines':302,553,629,709 'lithium':587,937,1048 'local':15,58 'localization':599,728 'localized':564 'logistics':636 'long':235 'long-term':234 'low':381 'ltd':23,79,1077 'maintaining':856 'manual':464,1039 'manufacturability':857 'manufacturer':83,1091 'manufacturing':2,116,290,1141 'market':539,547,777,794,1018 'markets':400,412 'mass':25 'meets':694 'megapixel':245 'memory':581 'middle':1124 'million':187 'min':944,947 'mind':542,783 'minimal':192 'mm':264 'mode':915 'model':103,846 'modes':437,801 'module':267,367 'mold':986 'most':849 'motion':810 'mount':299 'mp4/h.264':926 'multi':329 'multi-stage':328 'multiple':355 'net':952 'never':631 'new':99 'new-generation':98 'next':1132 'next-generation':1131 'night':805 'north':1117 'oem':231 'oem/odm':959,977 'of':27,84,96,111,152,183,314,765,782,1101 'off':910,916 'offer':975 'offering':543 'offers':62,420 'official':94 'on':11,670,682,761,1006 'on-site':669,681,1005 'open':208 'operating':394 'optical':266,319,577 'optimization':220 'optimized':166 'options':423,461 'or':738 'order':667 'orders':658 'other':870 'our':230,294,392,550,606,627,675,706,741,785,999,1030 'output':361,725,928 'over':218 'overseas':624 'package':1036 'packaging':453,992 'packs':439 'paired':250 'parameter':874 'partner':1142 'partners':393,408,480,608 'partnership':957 'parts':763 'pc':470 'pcb':315 'peace':781 'per':189,1066,1070 'performance':198,387 'photo':47,925,945 'pixels':188 'please':1028 'portrait':803 'positioning':418 'powerhouse':9 'pre':433 'pre-set':432 'precision':254,289,576 'precision-engineered':253 'preferred':1140 'premier':81 'pricing':1022 'private':990 'private-label':989 'process':336 'processing':181 'product':107,237,417,552,724,981 'production':26,279,628,654,869,1097 'professional':1088 'protocol':378 'protocols':478 'providing':125 'qc':53,377 'quality':276,292,672,677,700,712,1145 'quality-driven':1144 'r':143,170,742 'ramp':652 'range':284,344,895 'ranging':979 'rapid':730 'rate':384 'rates':719 'ratios':822 'ready':545 'ready-to-market':544 'rear':530 'rechargeable':938,1047 'recording':518 'reduces':715 'regular':680 'rejection':718 'reliability':556 'reliable':130 'relying':760 'remote':1009 'replenish':649 'represents':108 'requests':736,1024 'requirements':1019 'requiring':233 'research':1095 'resilience':611 'resolutions':877,885 'retail':397,967 'rich':133 'risc':37,161,210 'risc-v':36,160,209 's':114,169,696 'sales':996,1032 'sample':1023 'scale':868 'scenarios':358 'scene':806,808 'screen':522 'sdhc':502 'second':190 'segment':540 'selectable':820 'self':908 'self-timer':907 'selfie':538 'sellers':973 'sensitivity':346 'sensor':42,248 'sensors':575 'served':1114 'services':960,978 'set':434 'shipping':619 'shooting':436,800 'short':640 'shortages':626 'shorter':773 'shots':921 'shutter':193,338,899 'signal':372 'significantly':756 'site':671,683,1007 'slow':809 'smt':296,707 'software':466 'solution':65,523 'songdian':1,19,75,168,419,560,695,961,1073,1085,1126 'sought':851 'sought-after':850 'sourced':591 'southeast':1120 'spanish':445 'specific':1017 'specification':875 'specifications':788,872,1062 'speed':182,900 'stability':224,373 'stable':196 'stage':330 'standard':656,1035 'standards':313,702 'storage':509,1054 'strap':1052 'strategy':567 'strict':52,269,697 'striving':1136 'subjected':325 'supplier':686 'suppliers':597,646,750 'supply':16,59,222,554,565,609,780 'support':239,468,844,998 'supporting':440 'supports':495,797 'surface':298 'surface-mount':297 'swiftly':655 'system':164,197 'tailor':1012 'tailored':789 'tailoring':456 'tariff':621 'team':172,744,1001 'technical':997 'technologies':1135 'technology':20,76,300,1074 'temperature':357 'term':236 'test':332 'testing':348,363,949,1109 'tf':496 'tft':527 'than':758 'that':410,689 'the':4,93,104,109,112,150,153,207,240,311,425,485,519,535,753,791,795,848,1013,1094,1111,1123,1139 'these':766 'this':106,173,265,375,598,710,727,845 'three':602 'throughput':204 'tier':595 'time':775 'time-to-market':774 'timer':909 'times':642 'to':124,185,272,287,326,481,500,546,605,751,770,776,881,988,1011,1015,1093,1128,1137 'today':91 'traceability':673 'translate':768 'turnkey':64 'type':931,1043 'type-c':930,1042 'typically':660 'ui':450 'ultra':178,639 'ultra-fast':177 'ultra-short':638 'uncertainties':622 'under':200,354,948 'undergoes':268 'understanding':409 'unit':323 'units':1065 'unveils':3 'unwavering':122 'up':184,499,653 'upstream':711 'usb':929,1041 'user':463,1038 'v':38,162,211,936 'validation':335,340 'verification':374 'vertical':50,118 'video':44,517,811,884,927,942 'vlogging':536 'volatility':620 'volume':71,793 'we':213,647,974 'webcam':471 'weight':953 'welcomes':962 'which':388 'while':855 'white':351 'wholesale':1021 'wi':365,475 'wi-fi':364,474 'with':49,129,251,281,489,534,644,748,837,1105 'within':663 'workshops':309 'worldwide':401,1149 'wrist':1051 'your':1016 'zoom':840 '±0.5':261 '±3.0ev':906 '×1':1040,1046,1050,1053,1056,1060 '–':74,342,612,643,674,897,902 '—':225,571,589,861 '≤100':946 '≤85':943",1,/uploads/news/songdian-manufacturing-unveils-the-dc325w-an-8k-imaging-powerhouse-built-on-advanced-engineering-and-local-supply-chain-excellence/cover.webp,7
